TIME,PCE,PCEYOY,DGS10,PPIACO,FFR,US RPI,Alabama,Alaska *,Arizona,Arkansas,California,Colorado,Connecticut,Delaware,District of Columbia,Florida,Georgia,Hawaii *,Idaho,Illinois,Indiana,Iowa,Kansas,Kentucky,Louisiana,Maine,Maryland,Massachusetts,Michigan,Minnesota,Mississippi,Missouri,Montana,Nebraska,Nevada,New Hampshire,New Jersey,New Mexico,New York,North Carolina,North Dakota,Ohio,Oklahoma,Oregon,Pennsylvania,Rhode Island,South Carolina,South Dakota,Tennessee,Texas,Utah,Vermont,Virginia,Washington,West Virginia,Wisconsin,Wyoming,New England,Mideast,Great Lakes,Plains,Southeast,Southwest,Rocky Mountain,Far West
1/1/1962,5.87174,6.07812,4.016290323,31.7,2.456666667,6.4,3.6,8.2,7.3,-1,7,7.4,6.5,-0.6,15.4,7.8,5.5,1.2,15.8,5.4,5.3,5.6,12.4,2.7,5.5,5.4,10.1,4.9,5.3,4.6,-5,4.5,32,12.2,24,10.7,9.4,7.7,3.7,7.4,77.9,5.1,9.9,4.9,4.3,8.5,5.2,50.2,2.6,6.6,9,5.8,8.3,10.8,6,6.6,9.7,6,5.4,5.4,10.2,5.1,7.3,12.3,7.4
4/1/1962,5.8874,6.18617,3.875714286,31.53333333,2.606666667,6.8,4,3.4,12.8,6.4,8.9,4,7.8,12,4.9,10,8.2,11.2,1.9,8,8,1.4,4.7,6.5,1.6,6.1,8.4,6.9,9.1,4.9,-1.3,8.6,29.3,12.5,13.4,8.5,8.6,1.9,5.9,8.4,43.2,6.9,1.6,7.9,3,12.4,2.2,8.3,7.6,0.4,10.2,5,9.1,7.4,2.3,6.4,-0.1,7.5,5.9,7.8,7.5,6.5,1.9,8,8.7
7/1/1962,5.89816,6.42586,3.98952381,31.7,2.846666667,4.4,2.5,20,1.2,5,8.4,3.2,5.1,5.1,6,7,6.4,12,-2.7,1.9,4.9,-1.2,-1.6,1.4,9.1,4.3,5,4,5.8,3.2,13.2,2,6.9,4.3,12.4,3.3,5,1.2,4.6,6.2,11.8,1.9,2.3,6.9,1.9,4.9,4.5,-6,6.2,2.7,7.2,2.8,5.7,3.8,1.7,1.2,-3.9,4.3,4,3,1.4,5.8,2.4,3.1,8.1
10/1/1962,5.91512,6.00686,3.902459016,31.66666667,2.923333333,5.2,7.7,5.7,7.1,1.8,8.7,3.4,3.9,5.1,6.9,5.6,7.8,10,1.6,4.1,5.8,10.5,3.4,6.2,1.7,2,6.7,3.2,8.2,7.6,2.1,3.6,15.8,2.2,14.9,2.5,5,2.4,2.7,5.5,44.6,2.6,3.4,10,3.5,0.4,7.5,18.1,4.9,4,3.4,1.2,8.4,1,2.7,5.2,1.5,3,3.7,4.9,7.6,5.6,4.1,4.8,8
1/1/1963,5.92497,5.46684,3.892131148,31.53333333,2.966666667,4.7,4.4,6.6,6,9.5,6.2,4.8,7,7.7,5.3,9.2,9.3,1.8,3.4,3.4,2.4,8.4,4.7,6.6,7.3,2.4,7.5,4.4,4.3,5.9,16,5.8,-10.2,3.2,14.7,4.3,3.5,3.3,4,4.1,-24.9,3.6,4.2,1.6,2.5,5.6,7.3,-10.2,4.1,7.5,2.7,3.3,5.5,2.2,5.2,-0.5,3.2,5,3.9,3.1,3.6,7,6.5,1.6,5.5
4/1/1963,5.93604,4.98428,3.963650794,31.5,2.963333333,4.1,5.9,8.7,-0.2,-1.6,2.9,5,4.5,10.8,5.3,3.1,9.1,7.1,-0.4,3.5,7,4.5,2.5,5.5,7.4,1.1,6.7,3,4.5,6.1,10.6,4.7,-14.3,0.7,10.2,4.5,5.2,1.8,4.7,3.2,-34.1,6.8,-1.1,0.8,6.9,2.3,4.4,-11.8,7.7,1,-0.4,4.7,7.9,-0.3,7.1,4.5,2.1,3.4,5.6,5.1,1.7,5.8,0.6,-0.1,2.7
7/1/1963,5.95428,5.77257,4.03203125,31.63333333,3.33,6.2,11.5,8.3,6.9,21.5,7.8,6,6.9,4.6,9,9.9,10.6,3.7,12,5.7,4.5,7.4,-4.3,3.5,10.9,6.9,7.5,4.9,8.9,7.1,12.9,5.4,-3.2,0.4,6.4,4,5,7.2,4.9,4.7,-15.3,4.3,7.8,8.3,4.3,4.7,3.5,-4,7.2,7.2,7.3,5.6,9.6,2.7,5,6.5,9.3,5.6,5,5.9,3,8.8,7.2,5.9,7.1
10/1/1963,5.96623,5.24375,4.118196721,31.63333333,3.453333333,7.4,9.4,6.4,9.6,0.5,9.4,8.4,5.4,7.5,6.4,11,9.3,11.1,1.1,5.5,5.9,9.1,7.9,4.3,7.8,5.8,10.5,5.6,14.6,6.6,7.3,7.2,5.1,2.3,10.5,8.6,5.9,10.4,7.3,10.8,-7.9,5.4,8,8.9,5,10,10.1,-5.4,8.3,6.3,4.4,6.1,10.4,6.5,5.1,4.9,3.6,6.1,6.7,7.4,5.9,8.7,7.2,5.8,9.1
1/1/1964,5.99046,6.76879,4.178688525,31.66666667,3.463333333,7.9,7.7,17.3,7.6,15.7,10.2,7.5,9.7,8.7,6.6,10.7,6.7,9.9,-2.3,7.7,5,2.2,5.2,8.8,6,12.1,8.5,8.4,9,-1.1,-2.6,4.9,2.2,-0.6,9,9.1,9.7,2.4,8.7,10.3,5.4,7.5,8.7,8.7,6.8,3.9,8.4,-4.2,8.3,8.7,6.2,7.5,11.4,4.4,9.9,10.1,0.2,8.7,8.4,7.8,2.2,8.8,8.1,4.6,9.5
4/1/1964,6.01012,7.6896,4.20078125,31.53333333,3.49,7.6,8.8,13.7,8.7,9.2,8.9,2,7.5,6.2,3.2,10.2,6.6,9.9,2.1,8.5,7.9,-0.6,9.7,-1.5,7.1,7.8,8.9,8.1,9.9,3.6,-0.7,4.7,3.7,4.5,5.3,8.3,7.3,7.4,6.8,8.5,9.5,7.3,8.7,7.3,10.1,7.8,6.8,3.4,5.1,9.2,9.6,9.8,10.4,5.8,5.4,9.4,2.1,7.9,7.7,8.5,4.3,7.1,9,3.8,8.5
7/1/1964,6.03165,8.04359,4.194375,31.63333333,3.456666667,7.1,7.3,13,5.2,1.7,6.1,5.7,7.6,14.4,9.6,5.6,9.4,9.7,9.3,7.6,9.7,5.1,6.3,3.5,3.1,4.3,10.7,6.8,10.1,4.2,5.1,6.9,8.9,7.7,13,7.3,7.9,4.4,7.1,4.1,14,8.7,4.8,9.7,7.8,8,5.2,1,7.8,6.3,-1.9,5.5,11.8,5,4.9,5.8,3.3,6.9,7.9,8.5,6,6.3,5.8,4.9,6.5
10/1/1964,6.03787,7.42672,4.174590164,31.7,3.576666667,6.7,8.5,11.4,7.3,5.2,5.4,3.4,8,6.9,1.7,10.4,9.2,4.5,13.9,7.9,6,12.3,6.1,7,6.8,16.3,8.3,7.1,2.3,10.2,2.8,5.2,4.3,10.6,4.5,6.3,5.9,4.2,3.6,14.1,20.9,6.3,5.8,1.6,7.7,7.3,12.7,13,9.4,6.8,7.7,10.1,7.1,5.2,9.6,10.3,5.7,8,5.4,6.3,9,9,6.5,5.9,5.2
1/1/1965,6.06309,7.53253,4.203770492,31.86666667,3.973333333,8.7,12.8,2.7,5,6.5,6.6,6.6,6.3,16.3,13.1,9.5,12.3,12.5,27.2,8.4,14.6,10.9,6,11.9,9.1,6.2,10.1,2.7,19.2,12.4,12.7,10.8,10.6,10.8,9.8,4.6,6.3,4.7,6.1,8.5,20.5,8.9,8.9,18,5.2,5.5,7.7,16,9.4,9.1,9,5.6,8,10.9,6.1,7.9,2.3,4.3,6.5,11.5,11,9.6,8.3,9.9,8
4/1/1965,6.07909,7.14052,4.20952381,32.16666667,4.076666667,7.2,4.9,8.3,4.2,0,6.3,7.3,9.8,3.5,4,7.4,9.2,8.8,5.4,8.5,10.9,18.2,6.8,9.9,8.2,7.2,5.5,7.6,12,14.8,6,9.7,3.1,12.3,5.3,10.2,7.1,7,5.4,1.5,19.1,6.8,5.7,3.4,6.1,7.5,9.7,14.7,5.7,6.4,2,12.1,4.3,6.1,6.8,6.8,2.5,8.4,5.8,8.9,12.7,6.1,6.1,5,6.1
7/1/1965,6.09987,7.06052,4.24921875,32.4,4.073333333,10.4,8.3,9,6.7,13.6,9.1,14.6,1.5,11.1,13.5,12.2,13,14.6,17.3,8.9,8.7,8.2,8,12.2,13.5,5.6,13.4,13.8,5.5,11.9,20.3,10.8,12.2,9.6,5.7,14.8,13.1,13.1,10.8,13.2,4.9,9.2,9.4,8.6,10.9,18,21.8,24.3,15,7.8,9.4,15.9,11.1,12.2,10.3,8.8,3.3,10,11.5,8.2,10.3,13.1,8.3,12.7,9.5
10/1/1965,6.13072,9.72951,4.476393443,32.63333333,4.166666667,8.9,6,0.7,9.4,8.3,8.7,6.4,17.3,8.5,6.5,11.8,11,8.8,5.3,12.1,14.4,12.4,5.1,7,12.1,5.4,5,3.5,16.9,7.5,11.2,11.5,9.5,9.3,2.6,5.1,5.5,3.4,6.1,8.1,15.9,12,7.4,7.4,6.9,2.1,10.3,1.4,10.5,9,7.3,10.6,5.7,6.1,1.2,8.9,3.1,7.6,6.2,13.1,9.4,9,8.4,6.6,8.1
1/1/1966,6.15302,9.40967,4.773968254,33.1,4.556666667,9.2,10.2,3.8,11.5,25.4,9.6,8,6.4,4.9,-3.2,7.6,10,17.4,-0.5,6.9,4.7,17.7,8.4,11.4,8.8,8.8,16.2,8.2,9.3,9.5,3.8,4,6.3,12.5,11.7,10.6,9.9,2.9,7.6,14.3,1.1,8,9.5,9.6,6.6,11.9,14.5,23.1,10,12.4,7.2,15.8,9.3,20.7,8.6,11.9,-0.5,8.4,8.1,8,9.6,10.5,11.3,5.8,11
4/1/1966,6.16367,8.8251,4.782063492,33.23333333,4.913333333,6.8,5.6,7.3,6.4,1.7,9.3,4.7,11,0.7,-0.5,8.8,9.3,0.2,-8.9,5.8,5.6,-1.2,7.5,5.2,8.6,4.5,7.8,5.5,4.5,3.3,8,4.3,5.4,-3.6,4.1,8.5,6.9,5.9,7,11.9,-16.2,8.9,3.3,9.8,7.8,6.4,11.4,-6.8,10.4,6.9,3.8,11.8,7.6,10.4,1.7,5.7,5.8,7.4,7,6.3,1.4,8.2,6.2,2.8,9.1
7/1/1966,6.18277,8.64364,5.14609375,33.56666667,5.41,8.1,5.9,12.1,9.6,6.5,7.4,6,10.6,2.1,10,11.7,8.5,0.2,-4.6,9.6,8.1,0,4.9,10.8,14.1,5.5,10.2,8.9,7.6,9,6.4,6.5,11.1,10.4,0.2,9.4,6.4,1.5,6.9,11.6,1.3,8.7,4.8,1.8,8.3,11.8,9.8,-1.1,8.3,8.9,5.5,13.3,7.9,17,10,12.1,2.3,9.5,7.4,9,5.5,9.6,7.9,4.9,7.8
10/1/1966,6.19454,6.5903,4.998,33.33333333,5.563333333,9,7.5,14.1,12.3,12.9,8.1,6.7,13.9,9.8,18.3,8.4,12.6,6.2,8.3,8,5,8.5,10,11.9,10,6.1,9.6,10.5,7.1,8.4,14.3,7.9,-3.2,1.7,5.2,12.1,10.1,7,7.8,9.8,-5.8,8.2,12.6,9.6,10.6,8.6,4.2,5.1,7.3,13.7,10.8,15.1,12.1,12.6,8.2,8.2,0.7,11.2,9.3,7.5,7.2,9.9,13,5.8,8.6
1/1/1967,6.20321,5.14748,4.579672131,33.36666667,4.823333333,6.9,3,4.3,6.9,4.2,8.6,10.6,9.6,1.5,-4.3,13.2,10.6,12.7,7.2,5,5.2,-1.8,2.2,11.8,14.7,3.2,11.1,8.8,-2,7.8,11.6,8.3,3.4,4.3,2.4,11,7.7,0.2,9.5,7.5,4.8,1.1,13.2,3.2,6.4,8.7,11.1,-0.1,8.3,8.2,4.7,6.2,11,4.2,8.1,3.7,12.9,8.6,8.1,2.3,4.7,10.1,8.3,8,7.7
4/1/1967,6.22145,5.94879,4.8284375,33.3,3.99,4.5,4.8,9,9.2,4.2,4,6.5,7.5,14.9,16.9,8.3,4,9.8,7,5.2,-0.4,-2.9,-1.2,-0.1,4.8,5.7,6.2,8.4,4.8,5.1,4.3,2.8,-0.3,1.1,8.2,5.6,7,4.6,6.1,3.4,6.2,-2.1,4.3,7.2,4.1,4.6,2.2,-2.4,2.7,7.1,4.1,0.8,6.4,7.7,0.3,-0.3,7,7.3,6.1,2,1.5,4.4,6.7,5.1,4.9
7/1/1967,6.23578,5.44391,5.246984127,33.43333333,3.893333333,8.9,8.1,9.6,7.3,6.7,9.9,8.5,9.2,10,6.1,12.2,8.6,14.9,19,8.4,6.8,12.7,8.8,9.3,2.7,5.9,7,8.6,13.1,11.7,1.2,7.5,-2.4,5.6,18.3,8.4,6.7,3.2,8.5,6.3,1.6,10.2,12.1,6.4,7.3,11.8,10.9,12.4,7.1,10.8,5.2,8.2,7.7,10.5,7.4,8.4,11.1,8.8,7.7,9.7,9.4,7.9,10.2,7.8,10
10/1/1967,6.25043,5.74752,5.641803279,33.5,4.173333333,6.4,8.2,9,7.8,4.1,6.6,9,2.1,4.3,0.7,10.2,5.3,8.2,9.2,1.6,7,-1.6,6.5,6.1,11.7,4,8,6.2,-3.1,4,7.5,5.8,7.7,3.1,9.4,7.6,8.2,3.4,8.9,13.4,-4.7,8.4,8.2,8.1,5.8,7,11.2,4.3,9.5,7.1,0.4,8.1,12.3,11,1.8,4.8,5.9,5.1,7.7,3.2,3.5,9.3,7.1,6.9,7.3
1/1/1968,6.28463,8.48281,5.610967742,33.96666667,4.786666667,12.3,10.6,6.5,16.5,4,11.7,10.6,6,11.8,-2,18.1,12.2,9.5,4.8,9,12.4,16,14.2,11.6,18.4,11.6,11.3,12.4,23.9,12.1,13.4,15.4,8.2,10.7,21.5,15.2,11.6,11.1,10.9,9,11.2,14,8.9,9.5,13.1,11.1,11.2,9.9,12,11.9,4.5,12.2,11.2,15.4,7.3,12.8,8.1,10.5,11.3,14.2,13.7,12.5,11.9,8.1,12
4/1/1968,6.30998,9.25644,5.746129032,34.16666667,5.98,11.8,11.5,8.9,24.5,17.2,10.7,14.9,8.3,12.3,14.4,18.6,15.3,16.6,5.9,9.4,9.8,7.8,7.6,13.8,6.3,3.6,15.9,9.8,8.7,11.2,15.1,14.8,5.4,6.7,15.3,9.5,11.5,12,12.9,13.9,-1.5,13.4,10.2,10.8,9.3,12.9,16.2,4.7,15.8,14.3,18.9,13.7,12.6,9.8,10.4,13,4.2,9.3,12.1,10.7,10.1,14.2,14.6,12.4,10.8
7/1/1968,6.33883,10.85438,5.45859375,34.3,5.943333333,10.2,9.7,6.8,18.5,10.8,10.7,11.2,5.4,6.2,3.2,17.3,11.8,21.6,0.1,7,8,10.5,11,8.1,6.7,5,8.6,7,9.1,14.7,7,10.1,2.7,7.6,19.6,10.8,10,10.6,11.7,11,12.2,8.3,12.3,8.8,8.2,4.7,9.2,9.4,17.1,15.8,9.9,10,9.6,10,6.4,10.4,5.9,6.5,10,8.3,11.2,11.4,15.2,7.9,10.9
10/1/1968,6.35425,10.94102,5.767741935,34.5,5.916666667,9.6,7.3,7.2,13,12.2,8.7,14.7,6.8,2.8,10,13.6,10.9,5.4,3.3,9.6,10.6,2,6.8,8.9,3.8,7.9,12.9,10.2,13.3,10,9.6,10.7,6.9,8.1,16.9,11.6,10.3,10.4,10.3,9.1,17.9,9.5,8.6,9.7,7.1,7.2,7.5,8.4,9.3,10.5,6.2,9.8,10,8.4,3.3,11,3.6,8.9,9.6,10.7,8.4,9.4,10.5,9.7,8.8
1/1/1969,6.37508,9.46668,6.170983607,35,6.566666667,9.8,17,28.1,17.9,17.8,10.7,13.7,39,24.6,-29.5,19.8,11.2,19,44.5,9.4,14.1,16,18.4,19.2,5.1,17.6,26.4,7.9,6,11.7,19.6,-4,18.4,14.8,1.4,16.4,17.4,15.2,-8.5,16.1,1.6,10.2,14.4,13.7,11.5,1.7,15.5,5.9,1.8,10.7,10.7,7.1,23.9,8.3,4.8,12.4,25.2,16.6,3,9.7,8.2,14.9,12.3,18.1,10.8
4/1/1969,6.3942,8.78735,6.356984127,35.5,8.326666667,10,12.1,19.4,13.7,5.1,10.6,11.3,8.2,0.2,6.4,10.2,13.4,7.5,18.2,9.8,10.8,15.8,8,9.9,8.4,11.5,11.1,9.7,7.1,10,6.2,5.8,9.5,15.7,18.7,10,11.6,8.2,7.8,13.7,28.1,8.7,11.5,13.5,9.3,10.8,13.8,9,9.3,9.9,9.2,11.1,10.6,13.7,11.1,9.2,13.1,9.5,9,9,10.5,10.7,10.4,11.7,11.3
7/1/1969,6.41116,7.50118,6.856825397,35.76666667,8.983333333,9.4,10.1,9.1,16.1,9.2,6.7,9.5,8.6,14.2,9.6,17.6,13.2,18.7,7.3,8.1,9.1,12.7,11.5,7.5,11,6.9,10.3,8.7,10.5,11.4,7.2,12.3,15.9,12.4,16.2,8.8,9.1,7.5,6.9,11.3,13.8,9.2,11.3,9.1,8,4.1,11,12.1,9.5,12.2,8.7,10.1,10.4,5.9,7.9,8.5,6.8,8.3,8,9.1,12.1,11.6,12.2,9.6,7.3
10/1/1969,6.43069,7.94295,7.310491803,36.1,8.94,7.5,7,17.3,17.5,5.4,8.2,11.2,7,8.7,12.3,16.2,8.7,21.9,7.1,4.4,3.7,5.9,11.8,3.3,5.8,6.7,10.3,6.1,7.7,10,8.6,7.1,3.5,10.2,14.7,8.1,11.2,9.4,6.1,4.8,2.4,7.2,7.5,4.1,5.9,9.2,8.6,12.1,5.9,7.8,7.8,9.1,4.2,6.7,9.9,4,6.9,6.9,7.5,5.7,8.5,7.9,8.9,8.7,8.4
1/1/1970,6.44836,7.6032,7.375166667,36.63333333,8.573333333,7.6,10,26.6,14.1,7.6,8.8,19.1,6.2,2.4,10.5,9.1,6.8,17.3,17.5,6.7,-0.5,8.3,6.3,9.4,6.6,14.2,14.6,8.9,-7.9,12.2,6.5,13.2,13,4.9,12.4,3.6,2.9,15.6,8.7,13.9,4.1,3.7,10.8,12.6,8.5,15,12.7,4.8,7.3,9.8,17.2,12.2,3.1,1.8,13.4,10.2,13.3,8.7,8.1,2,9.8,8.5,10.8,17.3,8.7
4/1/1970,6.46391,7.21965,7.71,36.83333333,7.88,9.9,9.5,3.4,14.6,17.5,8.9,9.3,8.7,9.7,12.9,18,9.9,14.6,7.2,3.2,4.7,1.9,7.1,10.8,11.5,12.1,11.9,9.7,14.3,5.9,18.6,6.7,15.9,2.9,9.6,9.1,14.1,13.7,10.8,7.6,-10.2,4.4,13,8.8,10.7,5.3,9.7,12.1,11.6,14.7,8.9,9,19.8,7.5,12.6,6.7,11.6,9.2,11.5,6.4,5,13.3,14.4,10,8.8
7/1/1970,6.48234,7.37759,7.45796875,37.03333333,6.703333333,7.3,9,8.7,7.4,12.2,5.9,16,4.2,2.3,9.4,9.1,4.1,13.6,11,9.7,6.7,5.3,10.7,12.2,8.4,7.1,7.5,6.1,3.2,8.4,10.1,9.8,12.2,10.3,5.1,3.6,8.1,9.1,5.8,7.2,17.6,6.5,10,8.9,5.7,15,5.9,5.8,10,7.3,12.4,7.6,6.5,6.5,9,8.2,12.5,6.1,6.4,6.9,8.9,8.2,7.8,13.9,6.4
10/1/1970,6.49249,6.37555,6.846065574,37.1,5.566666667,4.7,6.9,9.4,13,8.8,4.2,9.4,1.6,7.6,12.7,8.1,12.2,6.9,6,5.6,0.9,4.4,2.9,6.6,8,6.9,8.2,5.5,-5.7,1.9,7.4,4.5,-1,6.4,15.6,6,5.1,8.3,1.7,5.6,15.5,0.9,6.2,6.2,3.4,-0.6,10.7,3.8,10.2,7.7,10.9,7.4,10.1,2.5,17.5,4.3,9.4,4,3.6,1.1,4.1,9,8.1,7.8,4.5
1/1/1971,6.52087,7.51979,5.999508197,37.6,3.856666667,8.9,11.7,8.9,17.7,10.5,5.7,15.2,8.4,14.9,9,14.3,10.5,5.3,9.5,3.3,13,1.4,10.6,9,11.7,4.1,10.7,5.4,20.7,7.5,13.7,10.4,5.2,12.6,11.6,8,8.1,10.7,11.5,8.4,16.4,7.9,10.2,11.4,5,3.6,8.1,7.8,8.8,9.8,11.6,8.2,8.1,4.2,6,3.3,9.7,6.3,9.2,9.2,8.4,10.4,10.8,12.1,6.1
4/1/1971,6.54137,8.0532,6.251587302,38.06666667,4.563333333,11.3,13.7,13.8,18.7,10.4,8.4,17.9,4.4,9.8,14.9,15.2,14.7,9.7,12.1,15.1,17.7,10.3,14.7,11.3,9.1,11.1,14.5,9.3,12.7,10.2,10,10.6,8.6,13.6,13.2,14.6,8.8,15.6,7.1,12.8,23.8,13.7,11.8,13.4,9.8,3.6,15.3,10.9,14.8,8.8,15.2,11.2,15.5,7.9,13.9,17,11.9,7.9,9,14.7,11.7,13.6,10.8,15,8.9
7/1/1971,6.55905,7.97246,6.48546875,38.36666667,5.473333333,6.6,9.1,13.8,10.2,12.4,7.2,5.7,6,6,10.2,10.9,8.6,9,7,6.1,3.6,2.9,2.9,5.1,5.6,9.6,8.8,8.7,4.9,7.1,10.9,3.9,7.4,7.9,11.1,12.3,8.8,6.6,4.8,13.1,9,2.4,3.8,8.1,5.1,15.8,7.8,18.8,6.9,4.8,9.2,6.7,9.1,4.9,9.1,6.6,13,8.6,6.1,4.6,5.4,9.2,5.4,7.2,7.2
10/1/1971,6.58161,9.32088,5.888032787,38.4,4.75,8.3,7,11.2,15.1,15.1,10.1,10.4,5.5,12.9,10.5,12.3,8.8,6.7,13.5,8.7,9.7,11.4,8.6,7.1,7.4,3.9,8.1,4.5,12.5,5.2,7.1,5.8,15.3,8,12.7,3,4.8,11,7.2,5.3,22.5,6.7,9,11.5,6.6,7.3,5.7,16.9,11.5,9.2,13.6,6.9,9.3,7.1,-6.9,7,12.1,5,6.9,9,8.1,8.4,10,12.2,9.8
1/1/1972,6.60525,8.80491,6.032222222,39.06666667,3.54,11,16,1,19.9,6.5,10.2,15.6,4.1,5.8,2.8,17.6,15.1,6.1,12.7,7.7,12.2,13.8,14.5,15,8.2,25,8.4,10.8,11.9,9,20.9,10.4,14.4,9.5,-3.8,22.1,7.5,13.1,1.9,22.6,6.6,12.3,14.5,13,14.7,12.5,18.6,-0.7,16.3,15.4,14.2,18.6,14,3.3,33.6,12.2,12,10.7,6.6,10.8,10.5,16.6,15.7,14.6,9.1
4/1/1972,6.62985,9.25133,6.1409375,39.5,4.3,8,7.1,2.6,5.5,11.7,6.6,9.2,11.5,12.1,10.1,12.6,8.2,13.1,13.6,6.3,3.7,7.9,11.9,6.4,11,-2,8.5,6.8,10.2,4.4,11,10.2,22.5,7.2,22.4,1.4,10,10.7,10,8.2,-17.7,5.5,5,10,5.5,4.9,7.9,17.7,9.4,7.9,4.8,4,6.9,11.6,-0.3,6.6,8.1,6.9,8.8,6.7,7.5,8.9,7.3,10.4,7.9
7/1/1972,6.65385,9.94426,6.287142857,40.1,4.74,11.3,10,18.7,16.8,18.5,13.5,18.3,12.8,11.5,7.2,14.4,15.7,15.9,21.5,7.9,9.2,11.1,12.1,12,12.6,4.1,12.2,6.5,10,10.3,15.8,6.5,16.2,15.6,20.4,10.4,11.1,14.8,10.9,10.8,112.7,7.9,10.2,12.9,9.2,2,16.7,25.4,11.3,11.8,12,10.2,9.4,9.3,12.9,6,15.7,8.1,10.6,8.3,13.3,12.9,12.3,17.1,13.2
10/1/1972,6.68524,10.91866,6.372833333,40.5,5.143333333,18.9,20.6,26.9,22.1,28.7,15.5,24,15.9,15,14.7,30.5,20.5,18.9,25,17.8,20,43.6,20.3,24.3,16.8,15.6,15.3,12.4,18.6,31.4,23.1,19.5,27.5,28.4,27.4,13.3,16,22.6,14.4,20.1,67,16.8,17,20.5,13.9,18.5,18.4,54.5,22.3,20.9,19.7,15.7,19.8,20.2,15.5,18.8,22.2,14.2,14.7,18.1,30.1,22.5,20.6,23.6,16.9
1/1/1973,6.71542,11.64689,6.600967742,42.46666667,6.536666667,7.3,7.4,15.4,9.4,9.7,3.8,5.4,5.5,3.6,1.6,8.1,7.7,7.9,1.5,9.8,19.8,5.6,1.9,7.6,3.4,11.2,9.2,9,12.3,9.6,11.3,10,-5.1,7.1,-2,17.9,5.6,3.3,1.7,10.5,-2.5,10.7,6.8,9.6,9.5,5.2,9.5,2.1,10.2,6,5.5,7.2,11,7.2,6.4,8.2,8,8.3,5,11.6,6.9,8.6,6.4,3.6,4.8
4/1/1973,6.73404,10.98103,6.808095238,44.53333333,7.816666667,11.7,14.6,10.1,20.9,26.2,11.9,17.3,6.1,15.1,0.8,18.2,13.1,4.9,18.2,11.9,12.9,28.2,14.6,8.1,10,19.6,8.1,8.9,9.4,21.8,12.2,9,44.2,19.7,14.7,12.1,6.2,11.6,3.5,14.5,79.7,9.1,19.1,10.5,8.3,9.1,12.8,44.4,12.7,18.7,11.2,10.9,10.2,11.8,5.4,12.8,26.9,9,5.7,10.8,20.8,13.5,18.6,20.1,11.6
7/1/1973,6.75561,10.71198,7.218730159,46.36666667,10.56,10.3,12.5,16.3,14.9,12.7,8.2,12.8,5.5,11.8,3.4,17.8,12.5,7.8,17.4,10.5,10.9,22,24.2,13.8,22.1,13.3,8.3,5.9,6.5,18.2,10.5,9.4,-2.7,13.8,14.3,10.8,6,13.6,3.6,10,5.9,11.5,18.9,8.5,7.7,-0.1,12.7,6.5,13.6,14.7,14.2,7.4,10.9,15.4,14.4,11.7,10.8,6.1,5.6,10,15.7,13.9,15.3,11.3,9.3
10/1/1973,6.77297,9.16927,6.756333333,46.73333333,9.996666667,13.5,15.8,10.6,14.8,21.6,11.2,16.1,8.6,10.9,4.7,12.3,14.8,12.3,28.7,14.3,16.4,20.1,29.9,15.9,13.6,16.6,9.4,7.7,11,20.6,16.8,11.3,34.9,31.5,16.3,12,10.2,14.3,8,19.6,109.6,11.3,17.4,20.7,10.8,0.2,17.5,64,13.9,15,12.5,10.1,11.4,17.5,10,18.5,32.7,8.3,9.2,13.5,24.9,14.7,15.3,20.5,12.7
1/1/1974,6.79332,8.10068,7.055245902,49.86666667,9.323333333,6,4.1,5,11.1,3.3,11.7,10.6,9.1,-2.5,6.4,11.7,5.2,17.6,21.2,4.7,-4.1,-16.1,-7.1,9,9.2,9.4,6.8,7.8,0.3,-1.6,3.9,3.6,-2.3,-16.9,6.2,10.9,7.4,10.3,5.9,7.5,-25,6.5,3.7,10.2,8.1,4.9,15.4,-18.7,6.2,9,7.9,2.1,9.9,7.6,8.6,1.8,15.5,8.1,6.7,2.7,-7.2,8.4,8.5,10,11.1
4/1/1974,6.82481,9.5019,7.541904762,51.6,11.25,9.2,12.1,43.1,12.6,7.3,13.2,9.1,12.5,10.6,16,11.6,8.5,16.6,4.5,4.8,3.3,-11.8,-3.4,14.7,13.7,7.7,12.5,9.3,6.9,0.1,9.7,1.9,-5.9,-7.9,10.9,8.6,12.3,12.2,12.3,5.9,-36.1,9,7.1,14.7,11.9,7.9,8.1,-28.9,10.3,11.1,14.6,13,11.5,12.5,14.4,10.2,7.7,10,12.3,6.7,-6,10.6,10.8,7.3,13.7
7/1/1974,6.85569,10.5255,7.95984375,55.26666667,12.09,12.5,13.8,37.2,12.1,15.9,13.3,13.1,9.9,18.5,14.1,11.6,10.9,16.3,22.6,14.8,15,18.4,10.3,15.2,16.5,7.8,8.9,9.1,18,6.9,15.3,11,18.4,14.3,7.7,7.8,7,15,10,10.7,-32,13,15.2,15.9,11.9,9.2,14,-1.4,13.3,15.6,13.8,10.2,11,18.6,15,10.6,12.4,9.2,10,14.6,8.7,12.8,15.1,15.1,14.4
10/1/1974,6.86596,9.74558,7.673770492,57.2,9.346666667,8.9,9.3,52,5.5,8.9,9.5,7.9,9,5.2,13.4,5.1,6.6,10,7.4,12.1,9,14.7,12.5,8.6,14.3,7.8,11.4,7.3,1.4,3.8,1.6,9.3,8.5,13.1,11.1,6.9,8.7,9.3,8.9,4.2,30.9,7.6,8.9,9.4,9.4,6.8,8.1,-2.1,7.5,11.8,10.1,9,10.7,16.6,2.6,9.6,21.9,7.8,9.3,7.9,10,7.3,10.4,9.3,10.9
1/1/1975,6.89284,10.46494,7.544166667,57.16666667,6.303333333,6.5,9,38.2,2,4.2,9,7.9,4.8,4.9,0.7,9.3,1.4,2.2,-2.6,5.6,2.2,14.6,4.7,1.1,9.1,0.7,5.8,4.7,-2.1,9.5,4.5,8,5.4,23.4,15.5,4.2,4.6,18.2,5.2,0.8,1.5,0.9,12.6,2.7,7.3,5.8,-2.3,38.7,3.3,16.7,10.1,5.2,8.9,8.2,28.8,6.4,9.2,4.5,5.6,2.4,11.1,5.9,14.2,6.5,8.8
4/1/1975,6.92123,10.12241,8.051875,57.8,5.42,10.2,11.3,27.1,9.4,10.2,11.2,14,6,-0.2,10.5,11.1,13.1,9.4,9.9,7.8,4.3,7.3,11.7,11.5,13.6,12.6,4.6,8.8,10.7,9,10.8,10.2,12.6,14.5,15.9,12.2,9.1,14.4,9.6,18.2,24.8,5.9,10.7,16.5,7.9,13.3,16.7,10.7,11.1,12.8,9.7,11.3,8.6,15.6,5.7,9.5,12.4,8.8,8.5,7.7,10.6,12,12.2,12.4,12.3
7/1/1975,6.95388,10.31674,8.2915625,59.03333333,6.16,11.6,16.3,27.8,14.4,21.7,10.8,13.5,7.1,13.6,8.5,8,9.1,6.9,15,10.3,18.3,16.5,17.2,10.1,10.8,14,10.4,7.9,16.4,15.1,12.6,13.7,19.3,16.5,11.7,14.4,10,14.6,6.6,12.8,28.7,10.2,16.6,17.2,10.8,9.1,12.5,15.7,13.1,14,15.8,12.3,10.4,11.5,6.7,14,14.2,8.7,8.7,12.9,15.9,11.2,14.4,14.9,11.5
10/1/1975,6.98125,12.22021,8.063278689,59.66666667,5.413333333,10.6,13,32.5,10.4,6,11.2,8.8,8.5,14.1,7.2,7,16.5,12.9,15.4,9.2,11,9.6,6.4,14.3,14.2,15.2,10.2,9.2,14.1,10.3,16.1,9.9,8.6,-1,13.5,12.3,10.7,12.8,5.4,16.2,-6.7,11.4,8.6,10,10.9,9.5,16.9,5.3,13.8,14.4,10.7,15.1,9,11.7,17.5,10.9,12.7,9.8,8.3,11.2,7.5,12.4,12.9,10.3,11.7
1/1/1976,7.01203,12.65733,7.754032258,59.93333333,4.826666667,9.7,16.2,2.5,10.9,15.9,10.8,10.5,6.2,5.4,0.8,11.7,11.4,4.7,15.3,9.3,10.4,-0.7,8.9,14.9,15.7,15.2,8.9,5.6,10.8,2,19.9,9.6,2.8,5.1,14,13.8,6.9,9.6,5.6,7.8,-13.8,10.1,12.7,13.5,8.4,9.4,10.8,-7,15.7,14.5,14.4,8.9,15.6,10.4,18.3,7.6,9,7.3,6.8,9.8,3.7,13.5,13.5,10.8,10.7
4/1/1976,7.02956,11.44144,7.773015873,60.86666667,5.196666667,7.3,6.3,32.9,10.9,3.7,10.7,7.5,7.8,12.2,4.7,8.3,8.8,7,4.9,6,11.2,3.2,4.2,5.3,11.9,12.2,8,6.9,8.9,4.7,7,4.9,4.6,0.3,14.5,11.5,6.7,9.7,2.8,7,-4.2,8.5,3.8,10.6,6.8,5.8,7.8,-8.5,6.5,7.6,13.5,8.4,5.9,9.1,3.2,7.6,4.6,7.8,5.2,8,3.2,7.2,7.6,7.7,10.9
7/1/1976,7.05514,10.65699,7.7321875,61.6,5.283333333,10.7,9.5,8.9,11.2,6.6,12.3,8.9,13.4,5.2,10.2,7.8,9.8,8.9,7.8,9.7,9.3,8.4,8.1,13.8,7.8,16.5,11,10.7,8.5,13.4,10.1,10.8,3.8,1.5,13.6,18.4,11.2,11.5,10.7,13.8,-7.1,9.2,11.3,13.3,11.5,14.3,14.3,-18.2,11,13.9,13.6,15.7,11.1,10.6,6.3,11.4,12.7,12.8,10.9,9.4,7.9,10.2,13,9.3,12
10/1/1976,7.08375,10.79348,7.178196721,62.13333333,4.873333333,9.5,12.3,-5.7,11.7,13.1,9.2,11.4,6.8,12.5,9.5,13.5,9.3,7.9,11.4,9.2,11.3,11,10.7,12.2,13.6,8.7,5.7,6.1,14.6,12.4,13.4,12.1,10.1,8.2,14.3,7.3,6.6,11.9,4.3,6.1,6.2,11.1,10.9,11.5,7.4,4.8,3.6,28.7,10.2,11.3,13.1,3.6,9.7,10.3,19.8,11.6,20.4,6.4,5.9,11.4,11.7,10.9,11.3,12.2,9.2
1/1/1977,7.1133,10.65862,7.356984127,63.46666667,4.66,9.1,4.9,30.6,9.1,15.1,9.3,7.3,11.8,-1.8,0.3,9.8,6.5,9.7,4.7,10.4,5.2,15.3,2.7,11.1,11.8,2.4,6.9,8.7,10.7,19.9,10.3,9.4,3.8,12,14.8,13.5,10.1,10.4,8.8,6.2,-15,5.9,2.2,8.5,9.5,11.4,7.2,40.8,8.3,8,11.4,2.9,9.3,9.4,10.9,12.5,12,9.4,8.7,8.9,12.2,8.9,7.5,7.6,9.8
4/1/1977,7.13569,11.19636,7.366031746,65.03333333,5.156666667,11.8,13.9,-8.6,15.9,7.5,12.3,14.9,9.3,12.5,12.6,13.3,14.3,5.6,7.3,11.1,18,7.7,8.8,16.8,12.1,10.8,9.9,9.8,14.9,8.2,10.2,10.3,9.5,4.6,16,13.4,10.1,12.8,8.6,12.5,5.5,16.3,9.6,11.3,11.5,8.3,11.7,-9.5,12.6,13.2,13,11.6,12.7,9.9,16.5,13.4,21.5,9.9,9.9,14.3,7.7,13,13,13.3,11.3
7/1/1977,7.15999,11.05454,7.358888889,65.13333333,5.82,11.6,11.9,-23.3,13,10.9,10.2,14.6,9.6,10.5,8,15.4,14.4,6.7,15,9.2,11.1,6.3,13.1,8.1,10.2,7.6,9.2,11,15.8,6.5,13,13.2,17.2,10.4,17.6,14.1,10,12.5,9.3,11.7,17.2,14.7,22.6,14.4,10.9,10.7,11.8,17.1,13.7,13.8,12.2,10.8,14.6,14.4,6.5,9.8,23.7,10.5,9.8,12.3,10.3,12.7,14.8,15.2,10.3
10/1/1977,7.18902,11.10055,7.597166667,65.86666667,6.513333333,14.6,15.9,5.9,19.5,20.4,17.6,22,13.5,13.7,10.4,17.4,14.8,15.3,24.2,12.3,11.8,16.7,31.7,15.6,14.4,12.3,12.2,9.2,10.1,17.1,16,15,10.2,24.8,22.3,17.5,10.8,17.3,9.8,15.1,105.9,10.2,41.3,21.1,9.4,10.7,14.5,43.4,15.8,16.9,20.5,18.9,11,18.6,10.7,13.2,17.9,11.6,10.2,11.3,22.4,15.1,20.4,20.2,17.8
1/1/1978,7.21084,10.24535,8.007704918,67.46666667,6.756666667,9.9,8.2,23.6,16.5,23.1,14.4,9.1,9.3,4.2,-1.7,14.4,12.5,7.4,10.3,9.3,6.3,29.3,-11.8,-1.8,14.1,9.7,9.4,10.3,9.3,14.8,3.9,7.3,29.7,14.8,21.4,17.4,10.7,12.4,7.1,12,7.3,3.3,-14,13.3,7.5,4.2,13.7,8.8,10,11.4,12.2,15,13.8,18.2,-15.3,12.1,18.4,10.1,7.8,7.7,10.4,10.6,8.1,12.8,14.8
4/1/1978,7.25234,12.37261,8.325555556,69.5,7.283333333,14.3,18.9,1.2,18.1,10.9,13.8,17.4,12.8,12.3,9.3,12.9,13.1,11.1,16.9,11.3,16.5,11.8,17.3,28.4,17.7,11.7,14.1,11.2,10.1,9.4,16.9,12.8,15.6,21.2,22.4,13.9,12.9,16.4,10.2,13.4,5.5,15.2,23.8,12.9,13.9,16.6,11.2,6.3,19.4,19.6,17.8,15.8,17.8,14.8,59.3,11.1,23.3,12.4,12.1,12.6,12.6,17.2,19.8,17.6,13.7
7/1/1978,7.27395,12.07035,8.485396825,70.6,8.1,12.5,14.3,-0.6,21.8,18.6,11.3,16.4,12.2,10.6,8.4,20.3,13.9,17.3,13,10.2,11.9,9.1,18.4,11.5,17.3,10,11.3,12.9,13.3,9.5,13.1,10.7,6.8,2.3,23.7,14.8,10.7,16.9,8.3,12.4,3,11.5,17.7,12.7,10.7,9,14.2,6.5,14.2,17.3,13.9,12.7,10.6,16.5,14.7,11.5,15.7,12.3,9.7,11.6,9.9,14.9,17.8,14.2,12.2
10/1/1978,7.3007,11.81562,8.815081967,72.2,9.583333333,11.7,8.2,6.8,15.5,3.6,12.8,14.6,11.2,7.4,8.9,12.6,11.3,10.5,13.2,7.8,11.7,9.1,16.2,8.9,10.5,10.5,9.7,7.6,12.9,17.3,6.8,11,25.2,28.1,15.5,11.6,10.1,9.4,10.1,12,91.7,12.1,14.1,14.5,8.9,9.9,11.9,39,10.7,13.4,13,10.2,12.2,15.9,10.2,10.3,15.6,9.4,9.7,10.8,17.8,10.7,13.6,15.4,13.2
1/1/1979,7.32458,12.04549,9.105483871,74.83333333,10.07333333,12.7,14,8.2,22,14.5,16.8,14.2,15.7,9.7,-5.1,16.3,13.2,13.5,3.5,10.1,12.3,6.1,10.3,15.7,14.2,14.8,9.7,15.5,12.1,7.6,21,14.9,4.6,-10.7,13.9,21.6,12.5,15,7.6,9.8,-42.7,12.5,18,12.7,13.6,15,11.4,-7,14.5,16.7,11.5,17.7,11.2,17.1,4.4,15.3,17.6,16,10,12,4.7,13.5,17.5,11.3,16.2
4/1/1979,7.35092,10.36087,9.115,77.46666667,10.18,8.2,4.6,3,10.6,2.9,10.4,10.5,8.1,8.7,8.5,10.5,8.2,10.8,5.1,8,3.6,2.6,13.1,5.8,8.1,6.6,7,7.9,3.8,10.4,8.1,8.2,-13.9,14.6,12.5,10.4,8.4,10,8.3,6.7,0.1,4,11.6,12.3,7.1,5.4,10.3,9.7,4.4,11.1,10.6,6.8,9,12.3,5.8,10.1,15.3,7.8,7.9,5.7,8.8,7.7,11.1,7.1,10.7
7/1/1979,7.38515,11.76185,9.095079365,79.9,10.94666667,13.4,12.8,12.1,20.1,10.9,14.5,19.5,13.8,12.7,9,18.6,13.4,12.2,13.5,14.2,9.7,11.1,15,15.1,18.6,12.2,11.5,11.9,6.2,12.1,14.6,12.7,10.8,11.8,16.7,12.6,12,12.5,13.3,10.4,17.9,11.4,16.8,14.1,11.6,14.7,14,15.4,12.3,15.5,17.2,12.1,12.6,16.6,16.3,12.6,18.3,12.7,12.3,10.9,12.8,14.5,16.1,17.2,14.7
10/1/1979,7.4116,11.72817,10.43786885,82.7,13.57666667,11.5,11.9,9.3,14,10.2,12.2,13.3,13.8,12.7,10.8,15.3,12,7.8,13.1,7.6,8.8,4.2,15.1,11.2,14.2,9.8,10.5,12.4,6.7,13.5,9.5,7.7,32,7.7,14.1,10.8,11.9,11.9,10.2,14,34.8,9.5,16.2,12.1,9.4,8.3,13.6,11.3,10.5,17.1,11.6,11.8,12.4,10.6,10.4,10.7,16.7,12.2,10.4,8.3,10.6,12.8,16.3,15.2,11.9
1/1/1980,7.43974,12.20504,11.95580645,86.53333333,15.04666667,12.2,11.3,17.1,16.9,4,15.2,16.5,18,16.1,-6.3,22.6,9.6,28.7,17.1,8.3,6.9,7.9,5,4.9,14.7,17.8,12.8,14.8,10.7,10.8,3.3,7.3,12.9,2.2,22.5,21.2,15.3,13.7,11,11.1,-34.4,10.5,13.3,11.7,10.4,18,11,-3.5,10.6,13.4,13.8,13.3,16.4,14.8,10.1,11.2,15.5,16.6,11.5,9.5,5.2,13.1,13.9,15.6,15.5
4/1/1980,7.44114,9.44167,10.47761905,88.26666667,12.68666667,6.7,3.2,13.2,13.3,-1.1,11.4,7.1,8.9,6.1,10.5,15.6,10.4,10,-1.4,1.1,-1.2,-10.2,1.3,3.2,9.6,8.5,11.3,10.3,-1.9,0.8,0.9,-0.9,-13,-4.2,6.2,9.8,9.9,7.9,10.9,9.3,-7.3,4.6,6.9,3.2,5.2,9.1,9.3,-37.4,3.8,9.7,6.4,8.7,11,9.9,5,3.6,10.4,9.6,9.2,1.3,-3.8,8.8,9.6,3.7,10.5
7/1/1980,7.47523,9.42592,10.94171875,91.16666667,9.836666667,14.8,13.8,11.3,10,24.1,14.6,17.5,13.9,14.2,7.8,18.5,13.3,10,21.3,13.6,14.9,27.6,13.9,15.5,23.3,13.4,9.8,13.7,11.4,22.1,23.7,19.5,10.3,15.1,18.1,13.3,12,16.9,12.7,17,-16,10.3,29.2,13.1,11,11.5,13.5,34.4,18.1,20.5,11.4,16.1,11.3,15.5,9.2,14.7,23.5,13.7,11.7,12.6,19.4,16.5,20.1,16.5,14.5
10/1/1980,7.51309,10.68235,12.40557377,93.26666667,15.85333333,17.4,16.7,27.8,23.7,16.4,18,22.5,18.5,17.5,12.1,19.5,17.2,10.7,23.8,12,19.3,17.7,22.1,13.2,19.6,15.1,15.9,16,17.8,15.7,14.7,15.7,46.6,23.2,19.2,22.1,17.3,13.2,16,18.3,40.6,16.4,19.2,14.9,15.4,16,14.6,44.7,14.3,20.3,20.6,17.3,16,18.3,16.4,16.2,26.4,17.1,16,15.7,19.2,17,20.2,25.1,17.8
1/1/1981,7.54205,10.77366,12.95065574,96.1,16.57,10.9,12.8,1.1,9.4,17.1,10,10.7,10.1,6.2,5.9,16.5,15.1,14.4,3.9,13.8,9.1,18.1,13.8,11.6,12.9,11.2,10.9,6.6,-0.5,7.3,11.2,12.4,6.6,27.6,12.8,7.6,8.9,9.3,8.8,9.2,99.7,4.6,11.7,6.2,9.7,13.2,15.5,16,14.3,19.2,12.3,11.1,21.3,5.3,9.8,3.9,6.3,8.6,9.2,6.5,15.9,14.6,16.3,9.3,9.2
4/1/1981,7.55881,12.48705,13.74047619,98.26666667,17.78,8.3,3.6,13.5,13.4,7.8,9.4,10.8,10.2,6.8,4,13,9.2,6.2,4.6,6.7,3.9,2.9,8.2,1.4,11.5,5.4,7.8,10.5,8.1,5.7,9.8,5.5,7.8,4.5,11.5,10.1,10.4,12.2,9.6,9.2,10.9,6.8,13.6,3.8,7.1,7.9,9.6,9.1,6.3,11.8,5.1,7,4.1,9.6,-15.5,6.9,8.5,9.7,8.8,6.7,5.7,7.6,12.3,8.4,9.1
7/1/1981,7.57971,11.0141,14.8384375,98.93333333,17.57666667,16.5,16.9,21.9,19.6,16.2,16.6,22.6,15.7,15.2,11.8,18.2,15.9,4.3,14.8,15.1,12.5,21.1,15.5,28.4,18.1,12.1,16.2,17,7.2,16.6,14.9,17.1,20,21.4,15.5,20.3,15.3,20.7,15.7,19.2,30.9,13.5,24.1,10.1,15,13.2,13.7,19.7,12.9,22.2,21.8,18.7,12.1,15.9,47,15.2,19.7,16.3,15.4,12.6,18.4,17.8,22,20.9,15.7
10/1/1981,7.58804,7.78259,14.11672131,98.83333333,13.58666667,5.1,2.7,18.7,8.7,-2.5,4.1,13.3,4.3,4.4,1.7,4.4,5.3,-11,-3.4,5.9,-0.8,-1.4,9.5,3.5,9.5,1.7,5.7,8.7,3.6,4.8,4.1,4.5,0.5,3.9,5,12,5.9,12.6,7.1,4.4,9,3,13.7,-1.4,4.2,1.4,4.8,1,-1.2,14.6,7.8,6.6,-2.4,3.1,6.3,0.9,10.1,6.5,5.8,3.3,4.2,3.2,13.6,8.4,3.4
1/1/1982,7.60794,6.81091,14.26803279,99.7,14.22666667,5.4,3.5,26.5,0.4,3.4,8.3,4.8,6.8,7.5,8.5,8.8,7.9,20,2.9,0.2,1.6,-9.8,4.9,4,6.2,9.1,5.5,5.9,-3.6,5.4,5.1,2.2,-13.2,0.2,5.9,3,7.2,5.6,6.9,2.7,-15.8,0.8,15.8,1.7,5.6,9.5,4.1,-4.7,8.5,8.6,6.3,5.1,16.8,4.8,2.1,5.3,0.3,6.4,6.5,0.3,0.1,7.3,8.4,2.4,8
4/1/1982,7.62053,6.36571,13.94206349,99.8,14.51333333,6.7,5.3,30.4,4,5.4,4.1,10.6,8.5,7.5,7.5,3.8,7.9,6,8,9.6,5.4,7.3,13,4.9,4.1,11.7,10.6,10.8,9.1,6.1,3,10,14.5,18.6,4.3,10.4,6.8,7,7.6,9,9.5,5.4,4.6,2.3,6.6,6.8,5.1,11.8,7,5.4,6.5,8.5,7.4,5.5,1.4,4.1,7.2,9.8,7.5,7.3,9.8,5.6,5.2,9.6,4.6
7/1/1982,7.64283,6.51493,13.1125,100.2333333,11.00666667,6.1,5.6,18.4,2.6,4.3,5.2,1.6,8.1,7.4,5.1,8.5,7,7.4,6.4,4.5,2.4,5.9,-0.7,5.8,3.8,14.1,8.1,12.3,4.1,5.9,1.6,5.1,0.9,-2.6,6.1,15.7,8.5,5.3,9.4,7.8,5.2,4.1,3.7,3.7,7.5,13,5.9,1.8,6.4,4.4,7.8,13.7,7.2,4.9,0.3,8.6,-4.7,11.5,8.5,4.5,3.7,6.4,4.1,2.7,5.4
10/1/1982,7.67116,8.66747,10.66344262,100.3333333,9.286666667,6.2,4.5,8.5,9.5,12.6,5.2,11.3,5.9,5.2,7,4.8,7,7.1,10,2.5,4.6,16,12.2,-1.2,4.2,6.2,8.7,4.4,3.5,10.4,6.2,10.2,64.9,15.3,4.4,3.5,4.9,10.5,8.4,1.5,85.8,5.2,3.8,5.8,3.3,2.1,7.1,20.5,5.6,8.4,5.4,1.1,7.7,5.5,2.9,-0.3,-5.6,4.6,6.4,3.3,14.6,5,8,13.4,5.4
1/1/1983,7.68919,8.46352,10.55587302,100.3666667,8.653333333,5.4,6.3,5.9,10.4,-0.8,11.5,7.1,6.6,11,2.5,18.1,10.4,21.4,24.5,0.1,1.6,-12.1,-3.2,-0.8,6.1,6,4.5,8.3,3.4,-3.1,1.9,2.1,-21.5,-6.2,5.7,9.7,9.6,5,4.2,10.9,-29.8,1.2,-0.6,6.6,2.4,10.9,7.1,-13.3,6,5.5,1.6,11,5,10.5,-0.6,1.4,0.7,8,4.8,1.4,-5.1,8.4,5.2,3.9,11.1
4/1/1983,7.71843,10.28616,10.55,100.7333333,8.803333333,7,8.9,2.5,13.9,8.4,7.6,7,4.3,-0.8,4.7,10,10.8,3.3,0.6,4.6,5.1,3.4,4.5,5.5,0.3,7.3,5.3,7.6,9.7,9.2,5.8,6.7,2.6,4.7,9.3,9.6,5.5,9.3,9.2,9.2,4.4,9.2,3.1,8.2,-0.3,6.8,12,7.9,6.5,6.9,11.6,7,9.1,5.3,3.8,9.7,-3.7,6.7,5.4,7.5,6.2,8.2,7.3,5.7,7.2
7/1/1983,7.74928,11.2324,11.63640625,101.7,9.46,8.1,10,7.5,14.2,7,8.6,9.7,7,5.9,5.7,8.6,10.4,3.3,-2.6,6.5,9.7,-4,5.4,11.9,6.8,5.9,9.6,7.1,9.9,6,6.5,8.2,-1.1,1.5,5.4,10.8,10,8.3,8,13.8,-0.4,9.3,-0.9,5.8,10.8,8,10.5,5.9,7.1,7.5,10,2.9,10.4,2.4,6.5,9.2,4,7.2,9.2,8.6,4.2,9.5,7.1,6.5,7.4
10/1/1983,7.7717,10.57685,11.68916667,102.2,9.43,12.5,11.1,9.2,12.4,9.3,12.5,9.7,16.1,14.5,8.4,13.2,14.7,14.4,10,12.4,13.4,17.7,9,12.4,7.8,8.3,8.2,16.9,13.2,12.9,10.9,11.7,8.9,8.7,13.2,15.6,13.9,8,12.9,13.2,8.2,12.8,10.1,11.2,15.4,11.5,13,11.3,12.2,11.1,14.7,9.9,12.2,13.6,10.4,7.6,8.9,15.3,13.1,12.3,12.1,12.2,11,10.5,12.6
1/1/1984,7.79076,10.69151,11.95451613,103.3333333,9.686666667,12.3,10.5,9.8,13.2,20.4,13.7,7.8,11.3,9.9,10.6,12,16.5,2.4,6.6,12.8,16.8,25.5,15.4,16.9,4.2,18.1,13.9,13.8,9.1,22.8,15.2,15.8,4.2,19.9,7.4,18.4,9,8.8,9.2,15.9,19.5,12.6,9.5,9,16.5,9.3,14.4,32.2,14.9,6.4,7.3,13.1,13.3,6.7,5.4,15.9,-3.4,13.4,11.5,12.8,20.1,13.2,7.8,6.3,12
4/1/1984,7.81435,10.06624,13.21396825,104.0333333,10.55666667,11,9.8,2.7,13,11.7,9.5,10.8,14.5,14.6,10.1,11.3,13,11.9,9.2,11.8,9.4,8.4,8.7,11.3,9.4,10,12.9,14.6,11.3,10.9,8.1,10.1,9.4,13.3,9.9,8.2,13.6,11.3,12.7,14.1,2.5,10,8.8,8.1,7.3,11.7,10.3,8,13.5,13.1,10.9,11.3,10.7,5.9,9.7,8.9,9.2,13.4,11.5,10.6,9.7,11.4,12.4,10.4,9
7/1/1984,7.82944,8.34662,12.8731746,103.8,11.39,9.3,9.8,2.3,13.9,6,11.8,9.2,14.5,9.2,12.8,11.9,12.1,6.1,9.4,9,6.1,5.2,9.2,7.8,8,7.6,12.3,13.4,9.6,10.7,3.7,9.2,8.1,11.3,8.7,11.6,9.6,11.1,11.5,9.8,7.3,8.2,7.6,7.8,-6.2,10,9,7.5,8.6,11.5,11.7,10.4,11.1,7.7,12.6,7.2,11.2,12.8,6.6,8.4,9,10,11.3,9.8,10.6
10/1/1984,7.84845,7.97752,11.76065574,103.5333333,9.266666667,6.6,7,5.9,9,6.9,8.4,7.1,6.2,10,7,10.8,9.7,5,7.7,5,5,4.5,8.1,5.3,4.2,8,7.3,8.4,7.8,12.4,5.1,6.1,4.8,8.2,7.3,11.3,8.4,5.7,8.2,8.8,3.3,5,6.3,5.2,-8.6,7.4,6.5,6.3,6.6,8.5,6.8,10,7.1,4.1,-2.7,5,5.1,7.9,3.9,5.6,7.8,7.6,8.1,6.7,7.6
1/1/1985,7.87703,9.00958,11.5865,103.2666667,8.476666667,8,9.1,24.4,15.8,7.7,9.5,4.6,6.4,10.1,4.8,8.2,9.4,8.5,7.2,3.6,8.3,4.9,4.2,1.8,3.2,16.6,10,7.3,11.7,0.6,4.3,6.6,-3.5,9.6,12,13.2,4.1,12.7,5.8,6.3,5.3,7.2,1.7,5.4,27.6,10.2,6.4,-1.6,6.5,6.6,6.2,9.5,8.3,8.9,4.1,5.9,-3.8,8.4,10.8,7.1,4.3,6.9,7.4,3.7,9.5
4/1/1985,7.89423,8.31628,10.82349206,103.3666667,7.923333333,4.6,5.9,1.8,7.2,4,3.5,5.3,3.6,5.3,1.4,9,6.9,4.9,1.6,2.4,4.8,0.3,2,2.5,3,0.3,4.8,4.9,2.8,4.9,4.8,6,-4.3,-2.5,4.9,5.8,7.3,4.7,4.3,6.3,-0.4,4.4,1.5,2.5,4.1,3.8,5.6,0.9,6.5,6.6,4.9,4.2,6.1,4.9,4.9,3.5,7.3,4.2,4.8,3.4,3,6.2,5.9,3.9,3.7
7/1/1985,7.92087,9.57351,10.33555556,102.6666667,7.9,5.5,5,5.2,9.6,3.3,7.4,3.3,7.1,3.7,4.5,7.2,9.1,4.7,0.9,4.3,1.4,-0.2,3.3,3.4,2.7,2.3,6,5.4,7.1,4.2,7.6,6.5,4.6,-3.2,7.9,8.1,5.5,5.5,5.6,8.1,0.4,3.6,4,3.5,4.9,4.7,7,0.5,3.6,5.4,6,7.2,7.2,5.7,2.8,4.4,5.7,5.9,5.4,4.4,3.1,6.2,5.7,3.8,6.9
10/1/1985,7.92999,8.49544,9.766129032,103.3,8.103333333,7.2,6.4,1.4,9.6,6.5,8.4,4.7,6.8,10.1,6.5,9.2,9.7,4.7,5.2,6.2,2.9,3.4,3.1,4.9,1.2,10.2,9,9.2,13.1,5.9,6.6,8.1,2.8,4.1,7.5,12.2,8.1,5.9,6.4,9.5,6.4,8,2.7,5.5,5.9,8.6,7.5,2.7,8.9,5.9,6.8,7.6,9.6,6.2,4.6,4.9,8.1,8.7,6.9,7.6,5.5,7.9,6,5.2,7.7
1/1/1986,7.94578,7.11675,8.567,101.7333333,7.826666667,7.4,9.1,2.8,13.9,5.5,8.4,7.2,3.5,-0.5,7.9,10.5,12.5,7.8,0.4,4.3,10.7,4,7.9,-0.1,1.6,5.8,10.1,4.8,2.7,6.9,0.5,3.4,8.6,1.7,9.5,9.3,7.1,5,10,7.3,-8.1,4.8,3.4,7.1,22.6,5.5,9.8,2.4,8.5,2.9,8.7,5.8,10.3,9.3,-16.7,6.9,4.3,4.9,12.2,5.1,4.4,7.4,4.5,6.6,8.3
4/1/1986,7.95559,6.32792,7.59796875,99.83333333,6.92,4.5,2.6,-1.8,6.1,3.7,6.4,1,14,12.9,3.5,7.6,6,5.9,1.5,7.5,4.4,4,3.9,2.5,-3.5,15,7.3,12,9.7,5.1,2.8,4.4,3.8,6.6,8.7,15.2,6.7,1,5.1,6.9,8,2.4,-4.2,4.9,-10.8,11,4.8,9,5.8,-1.4,1.5,11.1,4.9,4.5,23,5.4,-10.8,12.9,1.6,6.1,4.9,5.4,-0.7,0.5,6
7/1/1986,7.97838,5.91952,7.30546875,99.36666667,6.206666667,5.3,5.6,-2.2,6.7,6.7,7.9,2.1,8.3,8.8,3.8,5.7,8.4,7.6,4.1,5.1,4,6.4,5.1,5.8,-1.1,9.2,7,9.1,1.3,7.6,4.2,4.8,2.4,7.3,6.9,8.1,8.1,2.6,6.9,9.2,7.4,4.4,-2.9,5.8,-0.1,6.9,4.6,10.4,7.3,-0.7,1.5,6.6,6.7,7,11.8,6.2,-10.7,8.6,5.4,4,6.3,6.2,0.1,1.3,7.4
10/1/1986,7.99051,6.23876,7.264032258,99.73333333,6.266666667,4.4,3.2,-2.9,8.2,4.7,5.7,0.9,11.5,6.7,4.8,4.5,7.3,5.6,-0.1,3.7,5.5,2.3,6,2.4,-3.4,10.9,7.9,9.1,4,3,1.7,5,0.3,3.2,7.7,10.7,5.5,1.8,5.2,6.1,0.9,4.1,-1.9,2.9,3,7.7,5.4,2.8,6.3,-3.1,3,9.8,7.8,9.3,1.8,4.7,-8.3,10,5,4.2,3.8,4.7,-1.1,0.5,5.8
1/1/1987,8.00085,5.66174,7.195409836,100.9,6.22,6.2,6,-11.4,7.2,-0.2,9.2,4.8,5.5,5.6,4,11.1,6.5,4.1,5.2,6.1,5.8,3.1,1.8,3.5,1,1.1,6.1,4.3,4.6,12.5,9.7,7,4.2,2.7,8.9,6.7,8.4,4.9,7.1,7,0.1,6.4,-1.1,3.5,2.7,3.1,7.2,4.9,11.3,6.2,6.3,4.5,7.5,-0.3,-7,4.6,-4.7,4.5,6.1,5.6,6.3,7,5.4,4.4,7.2
4/1/1987,8.02399,7.0794,8.342698413,102.5,6.65,6.5,5.2,-2.4,9.2,5.6,9.3,5.2,9.5,9.3,6.1,8.2,6.7,7.7,6,5.4,6.1,7.9,6,6.2,0.8,10.3,8.5,8,2.7,2.2,4.2,3.8,3,5.4,9.5,11.9,6.7,5.3,6.6,8,5.6,1.8,2.2,5.6,16,6.4,8.5,3.4,4.7,1.5,8,9.8,8.3,5.9,1.1,4,4.9,8.8,9,3.8,4.5,6.5,2.9,5.6,8.5
7/1/1987,8.04473,6.86046,8.8696875,103.6666667,6.843333333,7.4,9.5,-0.2,5.4,4.7,4.9,4.5,10.4,9.1,8.2,9.7,10.2,9.1,7.2,7.4,8.2,3.5,4.7,12,5.3,11.1,9.5,11.1,2.2,6.8,8.3,4.7,0,4.8,12.2,13.3,9.2,6.3,6.5,9.3,1.8,7.3,3.4,9.3,15.2,11.3,9.4,5.6,6,4.4,3.1,9.8,10.4,8.4,3.7,8.5,-0.2,11,9.4,6.4,5,8.9,4.5,3.8,5.8
10/1/1987,8.05545,6.71002,9.129032258,104.1666667,6.916666667,9.9,11.8,4.8,12.7,10,9.5,8.1,10.2,10.8,11.7,11.9,11.5,11,9.6,8.5,10.8,10.5,7,12.8,6.6,13.6,12.9,12.6,7.4,8,8.3,8.2,7.9,7.2,14.2,16.9,13.9,8.3,9.9,11.5,2.3,7.8,2.5,7.8,11.1,11.3,12.7,9.7,13.3,5.7,7.4,15.4,10.6,15,10.4,9.1,5.2,12.3,11.4,8.4,8.1,11.3,6.4,7.9,10.1
1/1/1988,8.08082,8.32467,8.410967742,104.7666667,6.663333333,7.9,1.8,4.6,6.1,7.1,10,1.9,13.2,4.2,6.1,9.3,6.7,9.3,8.6,10.1,0.4,-2.6,3.3,2.8,3.4,3.2,8.4,10,9.6,3.3,3.6,3.8,-6.3,9.5,10.6,5.7,13.1,3.7,20.4,7.1,-25.7,5.6,3.5,8.8,7.4,8.8,2.5,-0.3,6.4,3.9,4.7,0.3,6.4,4.8,0.9,0,-11.9,9.6,14,6.5,1.8,6.1,4.2,1.5,9.2
4/1/1988,8.09916,7.80677,8.912857143,106.5,7.156666667,7.3,9.1,4.9,6.3,9.6,8.8,8.1,6.9,12.3,10.7,7,9.8,11.2,9.3,4.4,9.2,1.8,6.6,11,7.4,13.1,7.7,9.6,6.1,5,8.7,8.4,6.7,4.9,19.4,8.4,6.7,6.2,0.1,10.7,-14.5,8.6,6.2,9.6,5.1,11.5,12.3,5.3,9.8,9,8,11.5,11.2,9.1,13,8.9,14.5,9.2,3.7,6.9,5.1,9.4,8.1,8.5,9.2
7/1/1988,8.12026,7.84538,9.10359375,108,7.983333333,8.9,10.5,7.2,10.2,7.2,9.1,7.6,9.8,15.8,15.3,13.1,9.6,9.8,10.7,8.6,10.2,1.8,4.6,11.6,7.8,13.9,13.5,7.4,6.8,6.7,10.2,6.7,8.6,11.8,14.2,7.5,6.7,4,6.8,11,22,10.6,7.4,11.5,4.9,9.7,10.8,4.8,9.4,9.1,9,15,11.7,9.6,9.7,9.1,8.5,8.9,7.3,8.9,6.5,10.9,8.8,8.4,9.4
10/1/1988,8.14164,9.00051,8.95704918,108.5,8.47,8,6.8,9,6.7,0.4,7,7.4,10.5,7.2,6.6,9.8,8.1,10.5,-1.1,9.3,9.6,10.6,7,5.9,5.1,10.8,9.2,9.9,8.8,7.2,5.5,7.5,8.1,-1.6,11.6,11.6,5.8,6.6,13.8,8.1,-10.6,7.9,4.2,7.9,0.5,11.5,6.8,3.3,8.2,8.6,4.8,9,8.1,10.4,6.4,9,5.7,10.3,8.3,8.8,6.2,7.6,7.7,5.8,7.7
1/1/1989,8.1577,7.99229,9.211639344,110.9333333,9.443333333,12.2,14.2,6.8,9.7,14.9,11.8,13.9,9.9,17,3,17.4,10,11,26.6,7.9,18,22.6,10.7,12.5,7.2,14.7,10.4,6.3,15.2,18.9,14.2,12.1,21.7,12.1,12.8,10.1,13.9,12.3,5.8,11.3,53.5,12.5,11.2,14.7,23.4,12.4,19.5,17.8,9.3,6.7,9.5,19.2,9.5,16.5,8.5,16.3,15.5,9,11.9,12.8,16.5,12.8,7.9,15.4,12.4
4/1/1989,8.17577,7.96245,8.75796875,112.8,9.726666667,4.9,6.1,19.1,4.9,5.4,2.8,2.9,7.7,9.3,3.9,8.6,3.7,9.1,5.8,3.9,5.3,2.3,2.2,1.2,5,2.8,4.5,3.1,0.8,5.1,5.2,3.4,7,5.3,11.1,3.9,4.5,6.7,11.4,9.3,3.3,1.1,3.7,8.2,3.7,6.4,-3,4.2,4.3,4.2,7.1,5.2,6.2,7.9,-0.8,3.9,5,4.7,7.3,2.7,3.7,5.5,4.4,4.6,4.3
7/1/1989,8.1913,7.36191,8.107460317,112.4,9.083333333,4.9,3.8,14.4,5.4,5.2,4.1,6,6,6.3,2.8,8,6.8,18.3,3.7,4.5,-2.8,2,1.6,4.1,3.9,-0.1,4.1,1.9,5.1,5.4,3.2,4.6,2,2.7,10.3,1.7,4,2.7,7.6,3.4,2.3,5,3.7,5.2,5.5,2.2,4.6,4.1,4.8,5.4,4.6,0.8,4.8,6.5,2.8,4.2,7,2.9,5.9,3.8,3.8,5.4,5.1,5.1,5.1
10/1/1989,8.2035,6.38126,7.907096774,112.8333333,8.613333333,6.7,7.2,-6.2,6.1,6.7,11.6,3.1,3.3,7.3,5.6,8.3,6.6,16.7,9.2,6,5.3,8.8,6.1,8.2,7.5,6.4,5.8,2.6,5.3,7.9,5.6,3.9,6.5,6.4,15.3,1.8,3.5,6,3,8.8,5.5,5.3,5.3,9,5.8,4.4,14.1,7.9,5.8,7,8.6,8.7,6.7,7.4,6.9,6.8,8,3.4,4.1,5.7,6.4,7.8,6.6,5.6,10.9
1/1/1990,8.22629,7.09899,8.423870968,114.5,8.25,8.4,7.8,6.3,3.7,3.7,9.4,8.8,-0.4,4.8,3,7.9,10.3,-0.3,15,8.1,11,5.3,10.4,7.7,10.9,6.9,8.8,4,4.2,6.4,5.6,3.3,5.6,13,15.9,-2.7,7,9.8,14,8.6,22.2,7.7,5.7,11.2,6.4,4,8.2,21.2,9,11.2,10.9,5.7,5.3,17.6,10.9,6.6,11,2.5,9.9,7.3,7.4,8,9.3,9.8,10.2
4/1/1990,8.23839,6.46163,8.674126984,114.3333333,8.243333333,6.8,7.7,9.6,5.5,6.5,6.1,6.9,5.6,4.1,6.1,5.9,6.6,10,5.2,7.4,5.3,6.5,6.5,5.6,7.6,4.9,7.2,4.4,6.5,9.1,6.4,7.3,5.2,7.4,9.6,3.1,6.7,5.1,5.7,6.1,4.2,9.8,6.8,8.3,7.7,2.7,9,6.5,6,9.4,9.3,2.7,5.1,8.5,7.4,6.5,9.4,4.5,6.5,7.5,7.4,6.3,8.3,7.1,6.8
7/1/1990,8.25497,6.5745,8.701269841,116.4666667,8.16,5,4.4,5.9,5.1,6.2,4.1,6.1,3,5.7,5,4.8,6.8,8.6,4.9,4.4,6.8,5.9,6.5,5.6,7.1,2.3,4.5,3.1,5.8,4,5,4.5,5.6,3.1,10.4,1.7,4.7,8.1,4.2,3.5,4.2,3.1,6.5,5,5.4,0.7,4.9,5.9,7.4,8.3,8.5,-0.3,4.3,6.7,5,5.5,3.3,2.6,4.6,4.8,4.8,5.2,7.6,6.2,4.8
10/1/1990,8.26048,5.86346,8.405967742,119.8666667,7.743333333,1.6,4,5.8,2.2,2.3,5.2,2.5,-0.4,0.2,3.7,1.4,-0.2,9.4,2.7,3.8,0.5,0.2,0.7,4.5,5.3,-2.5,0.8,-2.2,-1.2,-0.6,3.5,2,2.3,4,3.4,-3.1,-0.2,5.3,-2.2,-1.6,0.8,1.2,2.5,3.1,2.2,-2.2,1.8,2.3,1.5,1.1,4.3,-0.7,1.1,6,2.7,2.1,2.5,-1.7,-0.3,1.5,1,1.6,1.6,2.9,5.2
1/1/1991,8.26193,3.62856,8.023166667,117.4666667,6.426666667,1,7.2,1.8,8.4,7.4,0.5,6.8,-3.4,11.4,3.6,5.5,4.6,2.9,4.1,-4.9,-1,-1.9,-1,3.3,2.2,1.9,3.8,0.6,-3.1,0.9,4.7,3.6,11.4,-0.3,16.8,7.3,-2.5,9.4,-6.9,2.8,-3.2,-1.7,-1.7,4.8,2.8,0.8,3.8,-0.4,6.1,1.6,7.6,0.9,6.6,7.9,4.6,1,5.8,0,-2.2,-2.6,0.7,5,2.6,7,2.1
4/1/1991,8.27561,3.79285,8.12546875,116.3,5.863333333,5,5.2,0.9,5.5,5,3.6,7,5.4,4.2,5.7,4.5,7.6,2.3,7.1,4.8,4.3,4.9,5.2,6.1,6.1,1.2,4.5,3.7,5.8,5.9,6.6,4.8,3.8,6.6,9.3,5.5,4.6,6.5,5.8,9.2,2.1,1.4,4.2,6.3,5.5,1.2,4.4,9.5,5.2,6.3,9,5,3.9,6.5,2.7,6.1,4.5,4,5.3,4.3,5.4,5.6,5.9,7,4.2
7/1/1991,8.28734,3.29027,7.95,116.1333333,5.643333333,4.3,5.2,7.3,2,6.6,3.7,6.3,0.6,6.2,3.6,2.9,5.2,6,5.1,3.7,5.6,2.9,7.2,8,5.6,3.8,2.7,1.3,4.9,4.5,5.2,6.1,8,4.4,7.8,2.8,4.6,4.4,1.9,9,4.2,6.9,4.4,5.7,3.6,3.3,4.9,1.4,4.4,5.6,6,3.4,3.5,6.8,3.8,4.8,5.4,1.6,3,5.1,4.9,4.9,4.9,6.2,4.4
10/1/1991,8.29406,3.41526,7.345,116.2333333,4.816666667,6.5,9,7,8.4,9.6,5.8,8.5,3.7,6.4,6.7,6.5,8.3,8.6,11.3,5.3,9.4,6.1,7.8,10,11.7,7.2,5.4,5,8.1,4.9,10.1,7.5,10.2,5.8,8.2,7.3,3.9,9.5,1.5,9.6,4.2,7.1,7.4,7.1,6.9,4.9,8.3,13.4,8.8,8.3,7.3,6.6,5.9,9,9,7.7,8.2,5,3.8,7.1,6.6,8.2,8.3,8.7,6.4
1/1/1992,8.31884,5.85593,7.306935484,115.9,4.023333333,9.1,9.2,11.4,7,12.9,6.6,10.7,16.2,1.1,5.2,5.7,11.1,9.5,15,13.5,8,14.1,11.3,9.3,5.8,4.8,5.6,9.3,1.9,13.1,10,8.1,4.5,7.8,17.5,5.8,15.8,8.5,9.7,9.2,26.1,7.7,8.8,8,7.7,4.5,6.4,10.7,15.8,11.1,10.5,10.4,8.7,10.6,10.6,10.2,6.2,10.3,9.7,8.4,11.4,8.8,10.1,10.3,7.6
4/1/1992,8.33223,5.82473,7.376031746,117.1666667,3.77,7.7,8.7,2.8,9.6,10.1,7.1,10.5,8.1,7,6,7.4,8.6,8.3,10.1,9.8,12.3,7.1,7.4,7.1,9.3,6.5,6.7,4.9,11.9,5.9,7.6,6.1,7,8.8,9.8,4.8,5.3,10.6,4.7,10.3,5.8,8.9,7.6,7.9,5.3,7.2,8.4,9,10.6,8.7,8.1,10.2,7.6,5.5,8.6,10.4,6,6.2,5.2,10.4,6.7,8.5,8.8,9.3,7
7/1/1992,8.34925,6.38601,6.61875,117.8666667,3.256666667,4.8,6.1,5.9,4.3,4.3,4.3,7.4,3.2,3.6,3.9,6.1,6.1,5.4,8.1,5.5,6.6,4.7,3.4,4.4,2.8,4.1,4.3,0.8,1.4,7,4.7,4.3,4.5,3,8.2,1,4.9,4.8,7.1,6.8,6.7,2.1,4,6.8,2.4,3.9,5.1,4.4,4.9,5.6,8.8,4.3,5.6,5.9,6.6,4.6,2.3,2.1,5.1,3.8,4.9,5.6,5.2,7.2,4.8
10/1/1992,8.36804,7.6791,6.740322581,117.8333333,3.036666667,6,3.2,2,7.9,6.2,3.3,4,6.8,1.4,1.2,7.8,6.8,7.5,3.1,7.5,6.2,1.7,6.1,4.7,5.3,0.4,2.9,6.7,10.8,7,3.6,4.5,1.3,4.2,8.3,6.8,6.5,1,10.9,4.6,2,6.5,0.9,3,4.3,5,3.4,0.6,5.6,5.8,3.5,1.5,4.6,11.9,4.4,6.5,3.2,6,7.2,7.7,4.7,5.6,5.3,3.5,4.6
1/1/1993,8.37782,6.07502,6.258196721,118.3666667,3.04,1.8,6.6,12.6,10,3.8,0.5,14.7,-4.3,2.4,11.1,7.4,5.8,6.1,20.4,-3.4,1.3,-9.3,3.9,2.5,5,5.6,5.6,1.5,-2.3,-4.2,10.5,3.2,23.9,-1.4,14,-1.1,-2.1,18.2,-11.7,6.7,-4.9,0.8,8.6,14,2.8,3.2,6.8,8,8.7,7.5,14.7,4.5,6.7,-0.3,3.2,2.9,14.3,0.1,-4.1,-0.8,-1.2,6.5,8.5,16.2,1.9
4/1/1993,8.39358,6.3271,5.988095238,119.5,3,5.6,2.2,0.8,6.8,3.8,2.1,5.5,7.8,7.8,0.4,4.8,7,0.2,8.4,5.4,7.9,6.3,5.3,3.6,5.3,1.1,3.6,5.4,12,5.3,4.5,5.7,6.1,8.6,1.8,4.7,5.7,3.7,10.2,7.9,3.1,6.1,1,4.4,5.8,4.4,4.8,6.2,4.7,5.4,4.9,3,3.8,8.1,3.7,5.9,1.9,5.6,7.3,7.3,5.8,5,5,5.6,2.9
7/1/1993,8.40898,6.15488,5.6153125,118.8666667,3.06,3,1.4,2.9,4,3.7,0.8,5.3,4.1,2.3,1,2.8,3,-3.1,-0.6,3.8,3,1,3,2.6,3.7,4.8,1.3,6.4,3.8,2.4,7.1,4,-4.2,0,5.9,7.3,3.4,3.4,4.8,4.3,2.6,2.7,1.1,2.9,3.1,6.8,4.4,-2.4,5,2.1,4.4,5.1,3,0.9,-0.7,4.1,1.6,5.7,3.6,3.5,2.3,3.3,2.3,3.2,1
10/1/1993,8.42347,5.69898,5.615967742,118.9,2.99,5.8,7.9,5.2,9.3,7.1,4.2,9.5,4.7,6,0.7,4.3,8.1,-0.3,16.4,6.1,8.5,5.6,4.8,6.9,4.7,2,5.1,2.4,6.4,6.3,6.9,7.5,12.6,7.2,7.7,1.9,4.6,10.1,6.4,9.3,3.1,7.3,5.8,8.7,3.5,-1.1,3,8.4,6.9,7,8.7,2.3,4.9,6.3,2.6,7.4,8,2.7,5.1,6.9,6.4,6,7.4,10.4,4.7
1/1/1994,8.43842,6.24746,6.090322581,119.3666667,3.213333333,3.6,4.8,3.6,11.5,6.7,2,5,-1.3,-0.6,2.4,5.1,7.8,6.3,2.1,3.2,6.5,24,3.1,4,12.8,5.6,5.4,4.5,11.3,9.8,12.7,4.9,-6.6,11.6,19.5,10.3,-2,5.4,-8,4.1,30.9,4.3,3.3,7.1,0.2,2.3,8.3,21.7,5.2,3.4,8.7,4.4,4,4.4,8,4.9,2.1,3.2,-3.2,5.8,10.5,6.1,4.7,4.1,3.3
4/1/1994,8.45173,5.98757,7.089516129,120.0333333,3.94,7.5,8.4,2,10.9,8.5,5.3,11.6,1.6,8.5,5.7,8.4,11.4,1.9,9.8,8,4.8,5.4,8.1,7.6,1.9,4.5,5.3,8.8,4.7,8.8,7.2,8.2,7.1,3.5,10.6,8,8,6,11.8,7.4,-0.9,7.2,7.3,8.2,5.9,2.7,7.8,2.6,7.7,8.1,10.6,7.2,10,7.2,5.3,7.9,6.5,5.9,8.7,6.7,7,8.1,8.3,10.4,5.7
7/1/1994,8.46648,5.91836,7.32796875,120.9666667,4.486666667,4.5,6.5,3.8,10.7,5.1,2.6,5.4,4.6,3.2,1.8,4.9,5.4,4.1,7.8,5.5,7.4,2.2,2.2,3.4,8.1,3.1,5.7,1.2,6.9,7.1,6.9,5.3,5.8,5.6,7.5,3.8,4.5,9.1,1,5.5,1.8,4.4,3.6,7.4,4.9,0.8,5.6,-0.1,6.5,5.9,7.1,4.5,4.2,2.8,3.3,6.5,3.9,2.6,3.2,5.9,4.6,5.4,6.6,6,3.1
10/1/1994,8.48192,6.01918,7.837213115,121.4333333,5.166666667,7.7,7.3,3.7,9,6.6,5.3,11,7.1,8.7,2.4,7.9,9.8,5.9,4.9,6.4,5.6,8.2,6.5,7.2,6.2,7.2,5.2,9,10,6.3,6.2,7.5,6.3,6.1,11.2,10.5,6.2,9.4,9.9,9.2,6.9,8.7,7.9,9.3,5.9,7.5,6.6,9.2,10,10.6,10.5,9.4,5.1,8.6,4.9,7.4,8.6,8.3,7.5,7.8,7.1,7.7,10,9.5,6.2
1/1/1995,8.4893,5.22011,7.471290323,123.4333333,5.81,6.2,6.3,3.7,10.4,8,7.4,10.6,6.9,4.3,-1.9,10.6,9.9,0,10.1,8.3,5.3,-0.4,3.2,3.8,4.5,2.9,4.9,4.3,6.2,5.2,6.5,5,5,5.6,12.5,2.8,9.2,9.3,5,8.2,-11.6,3,1.6,5.9,3.5,6.4,8.1,-7.3,9.5,5.2,9.2,3.9,6.4,5.1,3.6,4.7,3.7,4.9,5.3,5.7,3.1,8.1,5.8,9.3,6.9
4/1/1995,8.50382,5.34752,6.60015873,124.9333333,6.02,4.6,3.8,0.7,5.6,5,4.1,6.2,5.2,5.9,1.6,6,4.1,4.2,5.5,3.4,2.2,3.7,3.5,4.6,3.5,6.1,3.9,7,1.4,5,3.5,5.1,4,4.1,7.2,11,5,4.5,3.5,6,6.9,4,4.5,7.5,4.5,8,4.3,3.7,4.8,7,6.9,3.1,4.1,5.9,1.7,3.5,5.2,6.6,4.1,3,4.5,4.8,6.4,6,4.6
7/1/1995,8.51693,5.17457,6.329206349,125.2,5.796666667,5.2,4.4,2.8,10.2,5.6,5.6,8.9,5.2,5.5,-1.2,6.2,7.6,-1.3,5.9,5.1,2.6,6.7,5,3.5,7,1.8,2.3,7.1,4.5,4.1,5.4,4,5.6,7,11.1,1.7,4.2,6.5,5.3,5.4,2.1,3.8,3.3,8.3,4,4.3,3.4,7.1,4.7,6,8.2,6.2,3.3,5.8,1.9,3.7,2,5.5,4.3,4.2,4.9,5.3,6.4,7.7,5.7
10/1/1995,8.52827,4.74375,5.898548387,125.4666667,5.72,4.8,3.4,2.6,7.4,7.9,3.2,5.9,3.1,7.4,1,6.3,9.4,0,11.7,6,3.8,8.1,3.8,5.2,0.4,4.3,3.2,4.3,6.4,6.6,6,2.8,4.7,8.7,7.6,4.3,3.4,3.9,2.4,8.3,5.3,4.6,4.5,8.9,4.4,0.7,5.2,9.3,6,6.4,13.4,3.2,4.1,4.1,4.3,4.4,2.6,3.7,3.2,5.3,5.6,5.9,6.2,7.9,3.7
1/1/1996,8.54298,5.51435,5.910483871,126.3,5.363333333,7.5,3.6,1.9,10.7,3.8,9.6,9.2,3.9,5.6,10,7.6,7.3,-1,4.3,8.6,7.8,19.4,11.2,6.6,4.6,7.7,5.8,6.5,1.8,13.3,7.7,8.9,3,19.5,13.9,7.7,8.6,5.8,8.3,4.6,32.2,3,8.6,6.7,4.5,1.8,7.3,26.5,4.5,8.6,6.8,9.1,4.8,12,3.8,7.5,5.2,5.7,7.1,5.5,14.2,5.9,8.8,7.3,9.4
4/1/1996,8.56035,5.8159,6.7140625,127.8333333,5.243333333,8.1,7.9,3.2,7.8,12.6,7.4,9.1,7.6,9.8,1.6,7.3,12,0.7,10,7,9.1,10.2,6.4,10.3,7.9,7.5,6.5,8.2,10.1,8.9,9.5,7.6,6.1,9.3,11.8,6.8,7.6,6.4,6.6,12.4,19.6,7.6,8.1,9.3,8.3,6.3,10.2,11.3,8.1,9,10.7,5.4,7.2,8.2,5.4,7.5,7,7.7,7.1,8.1,8.8,9.1,8.6,9.2,7.5
7/1/1996,8.57064,5.51814,6.7759375,128.1666667,5.306666667,4.6,3.8,5.1,7.1,1.2,4.5,7.1,4.3,6.3,6.4,4.9,5.8,0.4,-1.1,5.2,4.8,-3.6,5,4.3,3.5,4.4,4.6,4.9,5.3,4.5,2,4.2,6.1,-5.4,10.2,5.2,3.7,2.9,2.1,4.1,-6.1,6,4.8,6.9,4.5,2.9,5.2,-5.5,5.3,6.8,7.8,3.5,5.6,6.4,5.6,5.5,5.8,4.5,3.4,5.4,1.6,4.7,6.4,6,5
10/1/1996,8.58537,5.87657,6.354193548,128.4333333,5.28,5.5,4,3.6,5.6,3.8,6.4,6.8,5.2,7.7,6.8,5.1,5,1.2,4,5.5,4.6,5,6.4,4.6,3.9,5.7,5.7,6.8,5.6,4.1,2.8,6.8,5.1,8.1,8.3,6.5,5.4,3.7,6.5,7.7,0.4,3.3,3.1,6.8,4.6,6,4.9,0.9,4.8,7,5.5,2,4.8,5.8,2.9,4.5,3.9,6,5.8,4.8,5.4,5,6.2,5.9,6.3
1/1/1997,8.60027,5.896,6.567,128.5,5.276666667,7.4,7.9,6,12.7,5.7,6.1,6.5,8.7,-0.7,3.4,6.8,8.3,6.1,4,4.7,5.3,8.5,5.9,10.4,6.3,7.1,6,7.1,4.2,4,10,8.3,1.2,2,12.4,9.4,9.8,9.7,5.6,10.5,-17.1,8.2,12,5.8,4.4,6.8,9.1,2.9,7.1,12.5,13.2,9.2,10.5,12.6,5.5,7.5,14.7,7.8,6,5.8,5.2,8.3,12.3,7.5,7.1
4/1/1997,8.60726,4.80219,6.6996875,127.2,5.523333333,4.9,2.5,8.8,6,2.4,6.2,8.2,6.1,1.9,3.2,4.8,3.5,3.4,4.2,5.8,3.8,0.8,5.7,2.9,4,3.7,4.8,4.8,4.4,7,3.5,2.9,3.2,-0.2,6.9,7.7,4.1,2.4,4.2,3.3,4.4,4.4,0.9,3.6,4.7,6.8,3.8,-0.2,4,8.1,4.9,3.4,3.9,6.4,3.1,4.9,3.8,5.4,4.3,4.8,3.7,3.8,6.7,6.3,6
7/1/1997,8.62679,5.77622,6.2421875,127.2,5.533333333,6.6,5.4,2.9,8.3,6.6,7.5,10.2,5.2,10.8,6,7,6.8,5.7,7.6,6.9,4.3,6.2,7.5,4.5,5.2,2.9,4.7,6,5.9,7.5,5,5.8,7,6.8,6.3,7.4,6.8,4.7,7.7,7.4,7.8,5.7,3.9,7.5,4.7,3,6,10,5.4,9.2,8.4,5.6,6.1,4.7,2.5,6.1,6.2,5.4,6.5,6,6.9,6.2,8.2,9,7
10/1/1997,8.64182,5.80759,5.906290323,127.5,5.506666667,8,6.2,4.7,9.4,9.8,8.5,9,9.2,6.5,4.6,6.6,8.4,1.5,5.2,8.1,9.9,9.1,7.6,7.4,8.6,9.3,8.9,8.3,5,7.5,8.8,7.1,6.6,5.9,9.6,8.4,8.5,4,8.8,9.8,7,7.2,7.5,6.4,8.3,9.6,8.5,2.5,10.6,8,3.8,11.9,6.6,8.6,5,8.9,5.3,8.8,8.5,7.5,7.3,7.9,7.9,7,8.1
1/1/1998,8.65196,5.30514,5.590983607,125.0333333,5.52,9.1,11.3,8.6,11.7,7.1,14.1,15,12,23.7,8,12.2,16.5,-0.3,16.8,3.8,12.5,1.6,4.8,7.1,2.8,8.2,10.2,1.3,9.8,15.7,6.8,3.8,12,8,20.1,13.4,6.1,8.9,2,5.4,22.2,7.1,8,7.3,4,8.5,6.8,17.5,15.2,13.1,9,8.4,7.5,19,6.2,8,5.6,6.4,4.6,7.5,8.2,9.8,12.1,13.2,14
4/1/1998,8.67121,6.60424,5.593015873,124.9333333,5.5,7,4.1,1.1,8.7,4.1,5.1,8.6,5.2,7.7,6.8,8,7.8,1.6,4.4,7.8,7.1,3.4,7,6.3,6.6,8.8,8.9,12.7,4.5,6.4,5.3,5.2,3.4,9.2,10.2,9.9,7.3,3.2,10.2,6.9,4.4,4.5,5.6,4.3,7,5.5,8.5,5,10.5,6.9,8,6.5,8.4,6.7,3.6,6.8,9.4,9.3,8.6,6,5.9,7.4,6.9,7.6,5.3
7/1/1998,8.68725,6.23211,5.20734375,124.3,5.533333333,5.8,4.2,2.6,8.5,4.2,7.6,14.5,6.7,4,7.6,5.8,9.2,2.8,4.8,5.7,4.6,8.7,5.2,4.4,2.6,5.7,6.6,6.9,1.4,5.1,4.6,5.5,5.9,6.6,10.7,9.6,6.6,3.5,3,8,4.9,3.8,2.4,3.4,2.7,5.3,7.9,2.9,3.6,7.3,6.5,6.5,7.8,6.7,3.8,5.6,7.6,6.8,4.1,4.2,5.8,6.1,6.8,10.5,7.1
10/1/1998,8.70421,6.43756,4.661935484,123.4666667,4.86,5.1,4.7,6.4,7.8,5,7.2,1.6,5.9,5.3,1.6,4.1,6.1,3.1,7,3.5,4.9,3.2,4.1,5.1,1.5,4.7,5.8,3.6,9.3,6.5,5,3.7,4.6,4.5,8.7,6.6,2.4,5.3,2.3,7.1,5.8,6.3,1.8,4.8,5.5,4.7,6.3,12.4,6.3,4.4,5.9,4.7,6.5,4.1,1.5,4.9,3.2,4.7,3.5,5.7,4.9,5.2,4.7,3.5,6.6
1/1/1999,8.71646,6.66278,5.000819672,122.6,4.733333333,4.8,2.6,0.1,-0.4,4.3,6.8,9.8,3.4,16.5,3.3,3.7,8.1,1.6,9.4,3.7,1.7,-3.7,-1.9,2.2,1.5,1.2,7,5.6,2.5,3.2,-0.3,2.9,-1.8,-0.8,9.3,3.3,5.9,-2.5,13.9,2.3,-10.6,-0.3,-0.3,1.6,3.1,1.7,1.4,-4.4,-1.2,4.6,2.4,6.9,11.6,10.5,2.5,1,10.2,4.3,8.8,1.9,0.3,4,2.9,7.2,6.8
4/1/1999,8.73638,6.73346,5.54125,124.5,4.746666667,3.6,1.3,3.3,8.4,1.5,5.4,8,5.9,1,4.3,4.9,3.4,3.4,1.8,4,3.4,3,3.6,3.8,1.8,6.2,2.9,5.6,5.7,4.9,2.5,3.1,0.7,6.5,4.2,5.8,2.3,3.5,-0.2,2.9,4.6,2.8,3.2,4.1,3.7,5.6,4.9,8.1,5,3.7,5.8,6,-0.1,-0.3,1.6,4.1,4.4,5.7,1.6,4,4.2,3.1,4.3,5.9,4.4
7/1/1999,8.75289,6.7838,5.88296875,126.8666667,5.093333333,5.6,5,1.2,4.8,4.8,6.5,3.8,7.7,4.8,7.7,5.6,5.2,9.5,5.3,1.9,4,4.9,3.7,4.7,2.4,12.9,7.5,10.6,4.8,4,5.8,4,-1.3,5.2,4.6,7.8,5.4,2.3,7.5,6.2,5.7,3.5,4.9,5.4,4.5,7.6,6.4,4.1,4,4.9,6.4,7.8,7.8,11.4,3.7,5.5,6.6,9.4,6.4,3.6,4.2,5.5,4.7,4.2,6.9
10/1/1999,8.77332,7.15522,6.14483871,127.9333333,5.306666667,9.2,5.2,11.9,8.1,5.9,12.7,17.4,6.3,10.7,8.4,5.7,10,3.1,11.2,10.2,11.8,10.7,14,9.8,6.9,-1.2,8.3,11.3,11,11.3,6.8,9.5,13.9,13.7,11.7,11.7,7.6,7.9,2.8,6.4,13.8,8.8,9.7,10.2,6.9,6.7,6.7,15.5,9.4,11.6,7.5,7.5,9.9,13.6,5.8,8.4,11.2,8.6,5.5,10,11.5,7.5,10.7,13.9,12.4
1/1/2000,8.79688,8.37466,6.468412698,129.6333333,5.676666667,12.7,5.2,12,14.3,5.8,16.1,11.4,19.1,23.4,22,16.2,12.7,6.1,10.3,12.3,9.6,7.6,-1.2,12.2,10.1,14.3,15.3,21.2,10.6,10.9,6.2,9.3,5.6,1.9,15.5,29.1,19.1,11.8,15,7.8,12.4,8.2,10.1,10.8,10.8,12.6,9.3,1.6,5.9,13.4,8.4,11.9,10.7,12.7,8.3,9.1,9.5,19.9,15.1,10.2,7.1,10.8,13.1,10.1,15
4/1/2000,8.81099,7.74635,6.184920635,132.0333333,6.273333333,6.5,6.6,5.9,6.6,5.1,7.1,13.4,5.6,9.6,3.4,5.1,7.1,9.7,10.2,5.2,5,7.4,10.5,6.3,5.2,7.6,5.8,2.7,3.8,7.6,6.2,7.3,8.7,6.1,10.9,3.6,10.3,9.7,6.8,8.6,5.8,2.8,9.3,7.1,6.3,4.5,9.6,8.9,5.6,7.1,8.4,9.9,9,-2.2,7,6.1,5.8,4.2,7.3,4.4,7.7,6.7,7.3,11.2,6.1
7/1/2000,8.82694,7.68587,5.88984127,133.7666667,6.52,7.1,1.5,5.8,6.8,6.2,13.3,11.4,7.6,2.6,4.9,7.1,5.5,2.9,1.8,7.9,4.9,6.1,7,6.5,2.1,4.4,7.8,13,2.8,7.9,2.8,5.7,3.9,5.4,5.7,7.8,5.1,4.6,5.8,5.8,8.1,4.6,7.5,6.9,6.3,8,3.3,5.5,8.2,7.9,4.4,1.7,7.2,0.7,3,4.1,4.1,9.7,5.9,5.2,6.6,5.7,7.5,7.8,10.5
10/1/2000,8.84103,7.00563,5.570645161,135.5333333,6.473333333,3.6,5.8,2.8,5.5,3,0.4,3.8,4,-0.7,9,6.2,4.9,5.7,8.1,3,-2.9,-0.5,-3.7,3.4,2.7,3.7,6.3,4.2,-1.4,5.1,2.5,0.4,10.1,1.3,3,8.7,8.5,7.2,8.9,2.8,0.3,0.2,6.6,0.7,4.5,3.9,2.9,2.6,-0.4,3.8,5.2,8,5,5.1,5.6,3.3,13,4.6,7.3,0.6,1.2,4.2,4.5,5.6,1.2
1/1/2001,8.85179,5.64443,5.044193548,137.7666667,5.593333333,7.7,3.7,7.6,4.8,11.9,7.9,9.4,12.8,32,-0.3,7.7,6.6,6.1,3.5,7.5,8.7,4,7.3,2.8,18,10.4,7.1,8.9,8.3,6.7,12.9,6.3,2,9.5,10.1,10.7,-0.3,10.7,5.9,2.8,-0.8,7.1,9.7,7,5.8,9.9,5.3,3.7,1.5,16.5,6.4,12.3,8.8,4.9,11.5,11.3,2.4,10.4,5,8.2,6.2,6.9,13.6,7.1,7.5
4/1/2001,8.85884,4.90195,5.276190476,136.2333333,4.326666667,1.3,4.5,10.3,3.2,3.5,-1.2,0.2,3.9,6.2,4.4,3.7,4.7,1,4.1,-0.6,-0.3,2.8,3.1,3.3,5.3,4.8,4,-2,-2.3,1.4,5.8,1.8,3.2,4,6.9,-1,3.2,6.3,-4,3.2,3.3,1,4.2,-0.4,2.5,3.4,1.9,3,4.3,0.4,3.1,3.8,5,6.6,4.5,2.6,6.7,0.7,0.1,-0.2,2.3,4.1,1.5,1.8,0.3
7/1/2001,8.86286,3.65742,4.995737705,133.3666667,3.496666667,-0.5,-0.1,0.3,1.4,-1.2,-2.1,-3.3,-3.4,5.3,0.9,0.5,1.3,4.5,-1.5,0.2,-1.7,1.5,-0.1,0.5,2,0.2,1.2,-2.4,-2.2,-2.9,-2.5,-1.3,0.6,-1.6,-0.1,-0.8,-1.8,3.5,6.9,-3.4,0.9,-1.1,-1,-1.8,-0.4,-0.6,-0.7,0.3,-0.8,-0.6,1,-1.1,-3.8,-7.9,0.4,-0.6,1.5,-2.2,2.6,-0.9,-1.1,-0.7,-0.1,-1.7,-2.5
10/1/2001,8.87831,3.79865,4.762096774,129.4,2.133333333,1.1,1.5,5.5,2.3,3.1,-0.2,-0.1,2.2,4.5,4,1.9,3.8,0.2,1.4,0.9,0.7,0.5,2.6,2.5,3.7,4.2,3.6,0.3,0.8,3.5,5.6,3.7,3.3,4.7,-3.2,3.5,5.3,4.2,-8.8,3.5,-2,1.8,4.8,-0.4,1.4,4.5,4.6,1.2,3.5,1.3,3.5,3.2,3.5,2.1,7.2,3.8,5.7,1.7,-1.9,1.4,2.9,3.2,1.9,1.3,0
1/1/2002,8.88321,3.19216,5.079166667,128.9,1.733333333,1.5,2.1,5.3,5.9,1.4,3.6,-0.5,-3.3,3.8,-7.4,5.1,0.8,9.2,5.7,-0.7,0.6,3.3,-3.9,0.4,1,3.4,5.4,-2,-5,2.2,-2.5,2.3,0.6,-4.3,5.1,1.7,0.2,2.1,0.7,0.1,3.9,-0.5,1.4,2,2.9,6.7,0.8,-7.2,2.8,0,6.2,2.5,3,6,3,2.2,-1,-1,1.6,-1.1,0.6,2.2,1.2,1.6,4
4/1/2002,8.89592,3.77706,5.10609375,130.8333333,1.75,4.1,5.7,3.4,3.5,3.9,3.3,3.1,4.1,1.5,6,4.1,5.6,5.4,2.6,6,4.8,3,4.5,5.4,3.7,4.1,5.2,3.8,7.2,3,4.8,2.5,4,4.3,4.1,5.3,2.5,6.4,5.4,4.6,0.8,4.7,2.2,3.8,3,5.4,6.5,1.3,5.2,3.1,0.1,1.3,4.9,0.3,2.6,5.3,2.1,4.1,4.2,5.7,3,4.8,3.2,2.4,3
7/1/2002,8.90801,4.61925,4.27234375,131.6666667,1.74,1.1,2.6,4.8,2.3,2.3,2,0,-1.1,2.1,1.6,2.2,0.8,3.4,5.1,-0.9,2.1,2.5,0.8,1.7,2.4,3.7,2.6,-1.5,-0.3,3,2.1,2.2,5,4.7,2.5,-1.4,-0.7,2.6,-2.2,0.7,6.1,3,1.8,0.8,1.4,2.1,1.6,6,0.5,1.8,1.6,1.8,3.1,0.6,2.4,0.2,1.4,-0.7,-0.4,0.6,2.7,1.8,2,1.4,1.8
10/1/2002,8.91835,4.08474,4.00483871,133.0666667,1.443333333,3.6,4,8,6.8,5.3,4.5,4,1.2,0,4.4,5.9,4.4,5.6,6.7,3.2,4.1,2.7,4,3.8,4.8,4,4.6,1.1,2.1,5.1,3,5,6.2,5.9,7.5,2.8,2.1,4.2,0.9,1.8,7.3,2.5,2.6,4.3,1.7,4.1,4.1,6.8,4.7,3.3,3.7,5.7,3.4,5.9,3.6,4.7,6.3,1.9,1.8,3.1,4.8,4.3,3.9,4.5,4.8
1/1/2003,8.93007,4.79709,3.92,138.0333333,1.25,2.6,5.5,-0.4,6.6,10,4.5,-2.6,-3.9,-1.4,-7.6,4.9,3.1,3.6,-1,-2.3,-1.6,-1.9,3,0.7,-2,5,2.7,2.2,2.4,4.2,7,4.1,10.1,11.1,4.4,-0.9,0.9,3.6,-3.6,5.2,15.5,2.9,8.1,2.3,5.3,9.1,2,22.3,3.9,3.4,4.7,2.1,8.3,3,-2.9,0.7,6.7,0.8,0.1,0.4,4.6,4.3,4.4,0.5,4.1
4/1/2003,8.94149,4.66259,3.620634921,137.1666667,1.246666667,4.4,2.4,7.3,5.8,4,5.6,3.5,6,6.2,4.5,3.7,3.7,4.8,3,4.1,2.7,3.9,1.2,2.8,5.2,3.9,6.3,1.7,0.9,6.3,1.2,3.1,8.3,5,7,2.5,5.6,5.2,7.2,3.3,7.4,2.1,5.3,3.3,3,1.8,2.5,4.4,3.9,5,3.4,3.7,6.2,7,1.5,2.7,5.4,3.2,5.7,2.6,4.2,3.8,5.2,3.9,5.7
7/1/2003,8.96221,5.56896,4.22765625,138.0666667,1.016666667,5.3,5.6,5.1,5.9,6,6.8,8.3,5.7,7.8,4.8,7.8,5.1,5.2,6.6,3.9,3.4,4.3,4.9,4.8,5.6,6.8,7.2,6.1,2.9,6.1,4.8,3.9,5.4,2.7,12.3,5.7,4.5,5.2,3.7,7.3,8.4,2,2.9,6.5,4.2,6.7,5.3,5,5.8,4.6,4.9,4.6,8,5.7,4,3.2,9.8,6,4.5,3.1,4.8,6.5,4.7,7.2,6.8
10/1/2003,8.97354,5.67464,4.28516129,139.2333333,0.996666667,5.6,6.7,4.8,10.7,6.7,5.2,-1.9,5.9,3.4,5.9,9.7,4.5,7.4,5,3.9,8.7,5.7,2.2,5.1,5.7,8.9,5.8,4.5,7.6,2,5.6,3.7,7.3,3.3,10.8,8.2,4.3,6.8,5.4,8.4,5.5,7.3,5.3,6.5,5.7,7.2,6.1,6.9,6.2,3.1,5.4,12.6,8,1.7,4.4,6.8,9,6,5.3,6.4,3.4,7.2,4.7,1.7,5.1
1/1/2004,8.99066,6.24597,4.01,142.2,1.003333333,4.4,8.2,2.9,10.3,6.4,7,1.8,0.1,-4.5,16.9,8.3,4.1,8.2,12.3,1,-0.1,17.9,-1.3,6.8,-0.9,1.5,7.7,4.1,-2.5,10.2,6.3,7.9,14.1,6.7,9.4,2.9,2,6.3,-0.8,9,-8.2,-0.8,14.6,4.6,6.5,3.4,1.3,15.8,5.2,4.1,7.2,-0.6,6.3,3.1,-0.3,0.4,3.3,2.4,2.7,-0.4,8.3,6.1,6.2,5.2,6.4
4/1/2004,9.00369,6.41713,4.597096774,146.2666667,1.01,7.4,8.6,4.1,9.7,6.7,7.7,7.5,9.3,11.4,7.1,10.6,8.7,8.9,9.2,6.6,9.7,5.8,5.2,6.1,7,5.7,7.7,8.6,4.3,4.6,6.9,4.5,7.4,4.8,12.3,9.1,6.8,5.2,7.7,9.4,6.3,6.9,7.6,8.4,5.9,6.9,11.4,4.7,7.5,4.7,9,12.2,6.4,9.8,8,7.5,8.5,8.6,7.1,6.7,4.9,8.6,5.8,8.1,8.2
7/1/2004,9.01971,5.91857,4.30140625,147.7,1.433333333,5.8,6.6,6.1,8.1,5.7,4.6,2.8,9.1,3.3,5.6,7.9,5.8,9,4,4.5,3.5,2.5,7.2,6.1,4.5,4.1,4.8,5.3,4.4,4.1,6.8,5.5,2.3,2.4,11.7,7.6,7,5.5,7.6,8.3,-1,4.6,5.4,2.9,7,6.2,6.6,0.3,6.7,6.6,6.1,3.8,7,1,3.4,6.9,6.1,6.4,6.9,4.7,4.2,6.8,6.7,3.8,4.5
10/1/2004,9.03903,6.76762,4.175806452,150.5333333,1.95,9,7.9,8,12.8,10,8.7,11.1,6.7,13.7,11.5,12.3,6.6,10.1,9.4,7.5,5.4,9.5,4.3,8.5,9.4,7.7,8.8,3.1,4.5,12.8,5.3,6.3,9.6,7.3,16.9,4.1,5.9,11.9,8,8.8,10.6,7.2,8,4.9,7,0.6,7.8,7.4,4.3,9.1,9.2,2.7,10,58.4,5.4,5.7,9.6,4.3,7.6,6.3,8.6,9,9.8,10.3,14.1
1/1/2005,9.05052,6.16903,4.303606557,152.0666667,2.47,1,2.6,4.5,9.2,0.1,1.8,4.8,1,-10.5,0.5,8.4,5.1,4.8,3.1,-0.5,-3.8,-4.8,6.4,-0.1,5.3,-7.3,0.6,0.1,-1.6,-7.2,4.6,-2.3,10.7,-0.6,12.9,-2.2,-2.9,1.9,-3.7,8.6,5.1,-4.9,13.4,5.1,-1.8,-2.9,2.9,10.6,1.7,9.4,9.5,-1.4,4.2,-25.8,4.1,-2,12.3,-0.7,-2.6,-2.4,-2.2,5.2,9.4,6.4,-1.4
4/1/2005,9.06779,6.62035,4.15859375,154.5333333,2.943333333,6.6,7,7.1,13.2,6.6,7,7.5,6.3,3.4,7.4,9.3,6.6,8.8,7.9,4.1,7.3,7,7.5,6.9,5,5.6,7.6,6.4,3.8,4.2,5.6,6.7,6.3,6.3,16.4,6.3,5.4,11.8,5.2,5,9,5.7,8.4,4.5,7,5.1,6.3,6.3,6,7.3,10.3,2.2,7.9,5.8,6.3,4.4,9.2,6.1,6,4.9,6.1,7.1,8.6,8.1,7.2
7/1/2005,9.08809,7.07697,4.21515625,158.7,3.46,6.1,4.2,8.6,11.7,3.5,6.9,7.3,3.4,2,4.5,8.7,3.9,3.7,7.3,5.4,5,4.9,4.7,5.2,19.5,4.7,6.9,6.5,-0.2,7.5,14.5,3.8,6.3,3.2,1.6,4.2,5.7,5,5,4.8,4.1,3.6,8.2,6.1,5.3,2,4.3,3.5,5.6,9.4,9.4,3.6,6.6,3.8,4.2,6.1,8.2,4.9,5.4,3.8,5,7,9.4,7.7,6.1
10/1/2005,9.09884,6.16378,4.488196721,164.3,3.98,8.7,9.6,9.4,10.3,11.3,9.3,6.6,12.2,21.7,8.6,9.9,10.8,11.4,10.3,8,5.6,3.4,2.9,5.2,4.1,9.6,7.6,10.9,4.2,3.2,5.7,7.8,11,5.8,9.1,6.8,8,5.9,10.9,7.7,4.7,6.3,10.2,10.1,6.8,7,9.5,4.6,6.4,12.9,12.9,8.9,7,14.2,7.4,3,16.9,10.5,9.1,5.9,4.8,8.4,11.8,9.3,9.9
1/1/2006,9.115,6.66083,4.577096774,162.7666667,4.456666667,11.5,8.3,7,18.1,7,14.1,16.1,15,1.5,6.1,14,8,8.4,18.4,10.1,10.2,11.9,27.2,9.7,1.4,6.4,4.5,10.8,2.9,7.9,-0.1,8.3,12.5,4.9,15,11.3,11.6,13,10.7,19.7,4.2,6.5,27.8,17.4,4,2.8,14.6,9.5,10.2,15.7,17.2,11,12.1,13.9,10.4,12.3,25.5,11.2,8.3,8,10.7,11.4,17.2,16.9,14.1
4/1/2006,9.12807,6.21351,5.072698413,165.4,4.906666667,4.8,5.7,6.2,6.5,6.2,1.8,2.7,3.5,6.6,5.4,5.3,4.6,5.5,9.7,5.7,3.9,4.9,8,4.4,5.3,3.3,4.2,5.8,2.9,5.1,2.8,6.4,6.4,7.1,6.7,3.5,6.7,4.8,6.2,4.1,6.1,4.8,3.8,5.1,5.1,8.3,4.3,4,5.6,6.7,8.3,3.2,3.5,5.8,6.6,3.9,17.9,4.8,5.8,4.5,6,4.8,6.2,6,2.9
7/1/2006,9.14132,5.46714,4.893492063,166.7,5.246666667,3.7,3.2,1.8,7.1,3,4.9,6.9,2.4,0.9,5.2,3.5,4.5,6.1,1.2,3.1,3.2,2.6,4,2.9,4.1,0.7,4,2.3,1.1,1.5,3,1.3,5.9,-2.1,0.8,4.5,1.9,3.7,3.3,4.8,1.2,3.2,2.5,5.5,5.1,6.6,5.2,2.8,2.6,4.5,7.5,4.5,2.8,4.4,3.5,4.4,10.9,2.7,3.5,2.9,1.7,3.7,4.7,6.4,4.7
10/1/2006,9.14926,5.17129,4.630645161,164.1333333,5.246666667,5.5,3.8,7.2,6.6,4.6,5,3.1,7.3,-1.2,4.4,5.2,7.1,3.1,8.9,4.9,2.5,6.1,6.6,3.5,7.4,2.4,4.2,6.2,0.7,5.3,3.8,3.8,5.2,7.6,6.7,13.1,6.9,5.5,10.1,7,8.5,2,2.2,5.2,5,0.3,5.4,5.6,6.7,6.4,9.6,4,4.5,8.2,4.4,3.3,2.4,6.4,7.2,2.8,5.5,5.6,6,5.3,5.4
1/1/2007,9.16423,5.0462,4.679032258,166.7,5.256666667,9.2,8.3,16,7.1,8.7,6.6,9.7,19.3,8.3,14.9,4.7,4.6,6.3,12.3,9.6,6,13.7,12.8,7.1,9.5,6.4,4,7.3,8.2,10.1,8.7,6.2,13.9,14.7,4.1,-2.3,11.9,7.6,21.2,18.8,25.4,11.2,1.1,3.3,10.1,9.4,10.6,28.1,4,5.9,10.9,8.7,9.5,10.7,2.3,9,4,9.9,14.2,9.1,11.4,7.9,5.7,10.3,6.9
4/1/2007,9.17417,4.71794,4.84609375,172.8333333,5.25,4.9,4.8,7.7,4.4,8,3.8,8.8,3.4,4.9,5.7,5.3,5.1,6.4,3.7,5.6,3.6,6.4,6.5,4.9,24.9,4.9,5.7,3.7,1.5,8.1,13,7.3,7.5,7.6,4.3,7.2,3.8,6,-2.9,3.2,5.3,0.9,6,5.4,5.5,0.3,7.3,9,6.6,8.7,11.6,5.3,4.9,11.4,3.9,3,9.6,3.8,1.6,3.1,7.3,6.4,7.6,8.7,5
7/1/2007,9.18541,4.50836,4.738412698,173.6666667,5.073333333,2.4,2.2,1.1,3.2,3,0.5,3.2,2.3,-2.7,7.4,1.8,1.8,4.9,0.5,2.9,-0.3,2.5,3,1.4,1.6,2.3,1.4,3.2,1,0.3,4.1,2.5,3.1,4.5,1.5,-2.7,0.4,5.6,3.3,1,6.2,1.2,7.8,3.6,4.2,2,2.5,4.2,2.7,5.3,2.3,3,3.2,6,3.5,1.4,2.7,2.3,2.6,1.5,2.3,2.1,5.2,2.6,1.5
10/1/2007,9.19804,4.99887,4.266612903,177.4333333,4.496666667,4,3.6,3.7,0.9,14.2,3.9,7.6,2.1,2.3,4.5,0.5,1.4,4.7,4.3,5.9,4.6,8,7.8,4.7,5.2,2,4.4,5.5,-0.9,5,0.3,5.3,4.9,8.4,6.3,1.9,3.4,4.7,3.3,4.3,15.2,1.2,4,5.2,4,1.4,4.2,9.7,5.3,7.1,6.8,2.9,2,6.4,4.7,3.8,9.4,3.6,3.6,3,6.7,2.9,5.6,6.9,4.4
1/1/2008,9.20375,4.03027,3.665245902,183.8666667,3.176666667,5.1,2.2,26.2,-0.9,-5.5,1.3,-3.1,23.5,-10,-3.2,-2.3,-4.2,6.7,1.6,-0.7,7.8,11.3,20.4,6,5.7,6.3,7.5,5.3,4.9,8.7,3.4,5.7,9.1,7.7,-9.5,6.9,6.6,7.4,6.7,16.8,30.8,7.6,14.8,4.8,3.4,2.1,3.3,18.4,4.3,14.2,3.8,11.7,5.4,4.6,6.2,4.9,20.5,10.6,5.6,4.1,10.8,2.7,11.2,1.3,1.8
4/1/2008,9.21561,4.23096,3.8815625,196,2.086666667,11,18.9,13.8,12.9,19.2,5,13.2,4.9,17.9,11.4,10,14.6,13,14.5,11,15.9,11.6,15.7,17.6,19.1,13.4,9.5,8.7,12.8,6.7,23.8,16.4,12.5,13.9,3.5,7.3,4.8,20,2.4,12,11.5,12.5,25.4,13.9,10.8,8.8,18.5,6.4,13.4,20.1,17.1,9.9,10.2,11.9,20.5,11.2,11.8,7.8,6,12.3,12,13.8,19.4,14.1,6.7
7/1/2008,9.2184,3.35425,3.8621875,200.4666667,1.94,-5.5,-11.6,-1.4,-9.9,-10.3,-2,-1.3,-5,-8.1,-2.1,-10,-10.3,-6,-10.4,-5.7,-8.4,-8,-5.8,-10.2,-6.2,-5.5,-3.2,-4.1,-9.9,-1.5,-12.7,-9.1,-5.9,-7.2,-7,-6.2,-2.9,-9,-3.3,-6.8,-4.9,-7.9,1.3,-6.3,-5.2,-8.2,-9.2,-9.4,-9.1,-3,-7.3,-5.8,-3.4,-3.8,-4.3,-5,0.2,-5,-3.7,-7.3,-6.1,-8.6,-4,-4.1,-2.9
10/1/2008,9.19393,-0.40968,3.234677419,178.0333333,0.506666667,-3.9,-3.9,3.2,-6.4,-3.1,-6.9,-5.1,-5.3,-11.4,-3.2,-8.8,-4.2,-2.9,-7.3,-5.1,-4.6,-3.2,-5.4,-2.6,3.3,-1.8,-1.1,-1.4,-2.9,-7.8,-1.8,7.1,-4.3,-7.8,-8.4,-1.6,-2,-1.2,-6,0.6,-6.4,-4.9,3.6,-5.7,-1.8,-0.5,-4.2,-5.3,-5.5,1.3,-7.3,-2.3,-2,-7.3,1.5,-1.8,-6.5,-2.6,-3.7,-4.2,-2.8,-3.9,0.2,-5.9,-6.7
1/1/2009,9.18565,-1.79346,2.736229508,169.5333333,0.183333333,-11,-5.6,-10.7,-13.6,-2.1,-9.1,-11.3,-4.8,11.7,1.7,-13.9,-5.7,-2.6,-4.6,-14.7,-8.6,-12.2,-8.3,-6.8,-9.7,-6.4,-7.5,-8.7,-19,-12.2,-3.9,-12.3,-4.5,-1.2,-13,-10.2,-15.1,-4.3,-9.9,-21.7,-5,-6.9,-20.5,-9.5,-11.2,-13.2,-8.6,-10,-0.6,-16.4,-8.8,-6.2,-9.7,-13.2,-3.6,-10.5,-13.1,-7.7,-10.5,-12.5,-10.4,-10.3,-15.9,-9.5,-9.7
4/1/2009,9.18607,-2.91095,3.320793651,171.3333333,0.18,3,7.4,7.8,2.1,-1,2,-6.1,4.9,1.9,2.9,0.6,5.2,4.2,-1.4,1.4,1.3,4.4,-0.6,6.2,-3.7,9.6,6.2,6.1,7.2,0.9,2.7,3.5,-0.3,0.2,0.5,5.6,6.3,1.3,12.2,11.2,4.2,1.4,-14.9,2.9,4.6,6.3,4.3,6.2,4.6,-5.1,1.4,2.9,5.5,3.2,6,6.7,-13.2,5.8,8.1,3.2,2.1,4,-4.7,-3.9,2.3
7/1/2009,9.19982,-1.84109,3.5178125,173.8666667,0.156666667,-1.5,-1.5,1,-3,-2.2,-1.6,-3.1,-0.3,-0.1,0.1,-3.5,-1.7,-2.2,-1.6,-2.3,-0.5,-0.5,-3.3,-0.4,-2,-0.2,0.5,1,-2.7,-1.8,-4.2,-1.4,-0.7,0.1,-3,3.6,0.9,0.7,-0.2,3.2,4.9,-1.7,-7.2,-2.1,-1.8,1.7,-1.8,2.2,-1.6,-3.4,-3.6,0.6,-1,-3,-3.4,0.2,-8.6,0.8,-0.3,-1.7,-1.2,-1.6,-3.5,-3.2,-1.9
10/1/2009,9.20604,1.21816,3.464032258,176.9,0.12,3,1.1,4.4,3.6,2,2.9,1.1,3.9,0.4,2.6,4.2,-0.3,1.1,2,3.4,7,4.9,3,5,0.5,2.2,3.5,2.8,2.8,5.4,0.9,0.5,0.8,6.2,2.6,1.9,2.9,2.9,3.4,2.6,6,2.5,0.5,0.2,6.9,5,2.5,4.9,4.2,2.6,-0.4,2.1,1.9,2.1,2.1,2.6,-3.5,3.1,4,3.4,3.7,2.5,2.6,0.6,2.6
1/1/2010,9.21438,2.9151,3.717868852,182.0666667,0.133333333,4.9,5.4,14.3,-3,2.1,8.7,4.8,4,-7.8,16.8,12.8,2,1.8,4.4,0.9,3.1,-0.3,-4.1,1.4,10.1,0.1,0.4,5.4,0.6,1.5,6.9,3.3,13.3,4.4,6.1,1.5,3.2,3.2,4.1,-6.8,21.1,1.6,9.6,7.4,1.9,5,3.5,5.2,7,13.8,6.4,0.4,6.7,3.3,3.8,-1.1,20.5,4.1,2.9,1,2,5.4,10,6.7,7.7
4/1/2010,9.22343,3.80696,3.4925,184.2333333,0.193333333,7.4,6.9,6.8,6.1,9.9,6.8,5.9,9,8.2,8,8.2,4.4,4.9,6.1,6.6,8,7.1,9.1,7.5,6.9,4,7.7,8.3,10.9,8.8,9.8,4.8,6.4,10.8,8.3,11.6,4,6.7,9.5,5,11.5,6.6,13.8,0.7,8.3,9.4,6.6,7.5,7.2,8.7,2.9,8.8,7.3,5.2,5.9,6.2,9.1,8.6,7.9,7.5,7.7,6.9,8.7,5.5,6.2
7/1/2010,9.23216,3.28706,2.78453125,184.6333333,0.186666667,4.7,7.2,6.4,4.7,7.4,2,7.9,3,10.1,5.9,6.4,5.3,6.8,7.1,6,4.4,4.4,7.9,5.2,8.2,3.8,4.5,6.4,6.3,7.7,4.2,3.2,4.8,4.4,4.2,3.7,2.5,6.1,-0.6,0.9,9.7,6.6,9.9,3.7,6.4,4.6,4.1,9.9,5.3,8.2,6.6,4.5,4.1,4.5,7.7,4.9,10.6,4.8,2.5,5.8,5.9,5.2,7.7,7.4,2.7
10/1/2010,9.24479,3.95095,2.878387097,188,0.186666667,5.3,1.9,4.6,5.1,1.4,11,10.4,-0.1,5.7,8,6,5.6,4.6,6.1,4.4,5.5,4.8,7.3,2.3,2.3,-0.8,7.1,3.4,3.3,10.7,1.8,2,6.7,5.5,2.5,2.3,2.2,5.5,1.1,3.2,12.7,4.3,7.1,3.6,4.6,3.9,3.3,2.3,4.1,6.9,7.6,2.3,4.3,4.7,1.8,6.9,5.8,2,3.1,4.6,6.2,4.1,6.5,8.6,9
1/1/2011,9.25774,4.43072,3.457419355,195.9,0.156666667,11.7,6.6,9.4,8.4,14.9,12.7,14.9,3.2,18.5,17.9,7,16.2,8,8.9,10.3,9.9,19.1,11.5,7.3,2.7,11.3,7.3,4.9,11.4,8.8,9.7,8.4,12.9,34.6,7.1,5.8,10.7,6.8,21.2,7.8,14.9,13.2,5,14.2,7,1.5,12.3,25.1,11.1,18.6,14.4,10.6,11,12.3,8.2,9.3,19.2,4.9,13.8,11,13.6,9.3,15,14.1,12.3
4/1/2011,9.26975,4.74119,3.201428571,203.7,0.093333333,3.3,1,8.3,2.1,1.1,1.6,4.7,7,2.9,4,4.3,2,1.9,2.7,1.3,5,2,9,3.7,1.9,0.9,4.8,9.8,1.6,5.3,-0.7,2.3,3.4,3.7,3.1,7.3,3.2,2.9,-1.4,2.7,7.7,3.3,9.4,2.4,4.6,8,4.7,1.7,4.5,6.3,5.6,5,3.8,1.8,6.8,3.4,4,7.9,1.8,2.6,4.3,3.2,5.8,4.5,1.8
7/1/2011,9.2785,4.74302,2.41421875,203.8333333,0.083333333,4.1,3.2,6.2,3.3,6.4,4.5,5.8,1.5,4.1,5.2,2.4,4.9,2.6,4.2,2.4,7.8,7.4,6.6,5.1,3.4,3.3,5,-1.1,4.6,3.2,4.2,4.9,5,4.2,0.4,2.5,3.7,4.1,2,2.4,13.5,6,7.8,1.6,4.4,1.4,2.2,4.2,4.7,6.5,4.9,3,5.3,3.8,4.7,6.1,7.5,0.5,3.4,4.9,5.2,3.7,6,5.5,4
10/1/2011,9.28374,3.97179,2.046721311,200.7666667,0.073333333,2.3,1.6,6.5,3.5,5.6,1.1,2,-2.6,1.3,2.3,3.1,1,5.5,2.4,0.6,2.9,3.9,1.8,4.9,3.4,4,1.5,2.4,5.1,1.6,2.8,3.1,6.2,4.2,1,2.2,1.6,3,0.8,2.9,14.2,3.5,4.4,5.9,1.4,1.4,1.5,7.9,3.2,2.4,3.9,6,2.6,6.6,2.7,-1.6,9.4,1.1,1.2,2.2,3.3,2.8,2.8,3.3,2.3
1/1/2012,9.29858,4.16867,2.04,202.1666667,0.103333333,9.7,5.2,1.2,7.3,15.3,14,11.5,2.9,-4.5,6.2,4.1,3.1,5.4,9.4,10.4,4.8,7.8,17.9,3.8,9.6,0.3,4.5,7.2,5.5,13.5,8.3,8.6,12.5,2.8,9.7,6.8,7.2,2,11.8,18.4,34.6,3.4,12.5,11.7,7.4,8.3,13.9,2.9,8.7,15.7,13.9,1.3,8.6,16.2,2.9,11.9,14.8,5.3,8.5,7.2,11.2,7.9,13.4,12.1,13.5
4/1/2012,9.30245,3.32387,1.82578125,201.8,0.153333333,4.6,3.9,3.4,5.3,7,5.1,5.4,4.5,5.4,3.7,3.5,2.6,4.9,5.9,4.5,6,6.5,1,3.9,7.5,4.6,0.8,5.8,2.4,5.6,3.8,5,2.6,5.1,3.5,3.9,1.6,4.2,6.5,5.6,15.4,5.7,4.8,3.6,3.6,2.1,3.6,2,6.1,4.8,5.5,5.8,3.4,6.6,4.5,3.4,9.9,5,4.1,4.4,5.1,4.3,4.8,5.5,5.1
7/1/2012,9.30695,2.88515,1.641269841,202.4,0.143333333,-1.1,-3.8,-1.6,-1.9,-3.8,-0.2,-1.4,-4.5,-1.9,-3.2,-0.6,-0.8,-1.6,1.4,-1.9,0.9,-3.3,-6.4,-2,-2.1,-3.5,0.5,-1.9,0,-0.4,-3.3,-2,-0.4,-6,-2.6,0.1,0.3,-4,-1.5,0.4,6.9,-0.9,-1.4,-0.5,0.8,-1.1,-0.7,-16.5,0.1,-1.8,-1.9,-3.4,0.1,0.3,-3.6,-1.9,-6.8,-2.6,-0.4,-0.9,-3,-1,-1.8,-1.4,-0.3
10/1/2012,9.31701,3.38333,1.70704918,202.2666667,0.16,14.4,10.1,5.5,14.4,16.6,23.1,20.5,14.1,12.9,12.9,16.7,13.3,7.7,17.3,13.5,9.1,10.5,15.5,7.4,11.1,5.6,6.9,15.5,13.8,13.8,6.7,13.1,13.1,13.2,15.8,15.3,10.4,6.1,17.4,8.1,21.3,10.7,15.1,8.6,9.1,7.9,10.2,28.1,9.7,15.3,21.3,11,12,15.2,5.4,13.9,22.1,13.8,12.6,12.3,14.2,12,14.7,19.7,20.1
1/1/2013,9.32574,2.75304,1.951,203.6,0.143333333,-10.3,-4.4,-9.5,-6.6,-11.7,-16.9,-3.8,-17.9,-8.3,-5.9,-15.4,-8.4,-4.8,-6.6,-4.6,-3.5,-2.1,-6.5,-3,-5.5,-7.3,-7.9,-12.1,-10.2,-11.8,-0.9,-8.4,-10.1,-4.1,-13.7,-15.6,-7.8,-11,-12.9,-12.7,-25.9,-6.7,1.6,-6.1,-8.1,-7.9,-7,-5.2,-6.6,-8.7,-9.3,-6.4,-12.7,-9.8,-5.7,-11,-16.9,-13.3,-10,-6.9,-8.5,-10.3,-7.5,-6.8,-14.8
4/1/2013,9.3272,2.50558,1.98625,203.9666667,0.116666667,4.1,1.3,0.2,5.3,1.6,7,6.8,1.6,4.9,3.9,3.4,4.4,2.4,7.9,4,0.1,2.2,8.6,0.5,2.2,1.7,0.9,4,3.6,3.2,1.6,1.8,3.3,0.4,2.7,3.4,3.2,1.4,5.4,0.5,8.8,3.6,6,4.4,4.4,0.6,2.6,1.3,0.9,6.3,6.8,5,1.1,3.7,0.4,4.1,1.6,3,4.2,3.3,3.3,2.1,5.9,6.3,6
7/1/2013,9.33529,2.87506,2.7065625,204.1666667,0.083333333,2.8,2.9,4.5,3.3,2.2,4.8,5.7,1.7,1.3,1.2,3.9,1.8,3.2,3.9,1.9,0.4,2.3,1.2,1.5,1.1,1.8,0.3,2.4,2.1,4.7,8,1.3,1.3,0.2,3.7,1.5,1.1,0.3,2.4,1.6,6.3,1.4,2.7,3.9,0.8,2.4,5.1,-0.2,1.5,4.3,4.9,0.3,0.3,6.1,-1,2.5,2.6,2,1.5,1.7,2.4,2.4,3.8,4.8,4.8
10/1/2013,9.34793,3.14048,2.744193548,201.9,0.086666667,3.5,-1.5,1.7,3.7,-0.6,7,6.4,2.4,4,4.6,4.9,4.2,4.4,2.5,3.3,-0.1,-2.1,3,0.8,1.9,3.9,3,3.6,2.1,1.8,-4.3,1.4,1.5,-3.2,5.3,3.2,4.4,2.6,3,3.6,-2.1,2.3,2.9,3.5,2.6,2.5,3.4,-3.2,2.8,4.6,0.7,2.3,2.9,3.4,1.2,1.7,6.1,3.2,3.2,2.2,0.4,2.8,4.2,4.3,6.1
1/1/2014,9.35654,3.12805,2.765409836,205.5,0.073333333,8,4.2,12.7,10,12.4,6.9,15,7,6.1,14.9,11,12.1,7.7,6,7.3,7,4.7,-4.9,9.6,8.6,3.3,3.9,5.6,5.8,6.5,2.3,4.1,8.2,15.7,9,3.3,7.4,10,4.8,10.7,12.2,5.6,12.5,10.4,6.2,7,9.4,13.2,7,13.1,11.5,1.8,8,13.1,4.3,5,11.7,5.6,5.7,6.3,5.2,9.3,12.4,12.3,8.1
4/1/2014,9.3722,4.60248,2.620952381,208.2,0.093333333,7.1,6.9,6,5.4,8.7,8.1,8.5,6,5.5,5.7,9.8,7.9,6.9,9.6,5.7,7.5,10.3,7.5,6.9,6.8,7.5,6.3,5.7,7.5,8.6,5.6,7.1,8.9,11.6,9.4,8.8,4.5,8.1,3.9,6.4,13.6,5.6,7.2,9.8,5.8,3.7,9.6,9.2,5.3,8.6,5.7,7.2,5.9,8.8,6.8,7.5,10,6.1,4.8,6.5,8.8,7.6,7.9,8.1,8.3
7/1/2014,9.38558,5.15756,2.49953125,207.1333333,0.09,6.3,5.5,3.3,5.7,4.5,9.4,6.1,5.6,5.4,6.2,7.5,6.9,5.8,5.8,4.5,4.8,2.7,5.7,4.2,4.5,4.8,5.4,8.6,5.3,7.4,0.8,5.7,4.4,0.9,7.9,2.2,4.9,6.8,6.7,6.3,1.7,5.6,5.2,8.3,5.3,4.7,5.8,0.8,3.6,6.2,5.9,7.4,4.8,9.3,3.8,3.6,6.1,6.7,5.8,4.8,4.9,5.7,6.1,5.9,9.1
10/1/2014,9.39637,4.96234,2.275967742,200.4333333,0.1,5.3,4.8,4.1,5.7,6.8,5.9,7.1,4.5,4.6,3.5,7.9,6.4,4.4,8.2,5.2,4.7,3.4,3.2,5.3,3.2,6.9,3,8.1,5.3,4.3,2.6,4.2,4.3,7.1,10,9.3,4.5,6.9,5.2,5.1,4.2,4.6,0.8,6.6,4.7,7.4,5.4,3.4,4.4,4.3,8,6.5,4.9,5.8,4.4,5.9,3.3,7,4.6,5.1,4.2,5.7,4.2,6.9,6
1/1/2015,9.40026,4.4697,1.968852459,191.5333333,0.11,4.2,2.9,5.9,6,-3,8.3,4.7,-2.3,6.6,18.8,7.4,6.1,5.6,7.7,2.7,1.6,2.6,-2.5,3,-2.4,-1.3,7.9,6,6.4,4.7,-2.6,0.7,7.8,2.3,9.1,-2.1,4.9,-2.1,0.5,6.9,-9.1,2.3,-8.8,10.2,3.1,2.3,7.7,3.4,6,2.8,9.8,-1.4,4.9,4.7,-1.5,2.5,1.1,2,3.2,3.1,1.4,4.9,1.9,6.2,7.9
4/1/2015,9.41312,4.17741,2.164375,193.0333333,0.123333333,5.5,4,1.6,6.4,5.2,9.8,3.9,4.4,8.5,6,7.9,6,6.3,4.6,4.6,5.8,3.2,0.9,5.7,-0.4,7.2,4.3,7.8,6.6,3.2,3.9,4,3.4,5,9.5,8.7,4.4,3.6,8.9,5.3,-6.9,4.7,-4.5,6.9,4.1,4.7,6.9,5.3,7.6,-1.8,9.1,5.1,6.9,7.6,3.1,4.7,-2.9,6.6,6.3,5.2,2.9,6,-0.6,4.6,9.1
7/1/2015,9.42353,3.86785,2.223125,191.6333333,0.136666667,3.9,3.9,0.1,2.3,5,5,1.7,2.4,0.5,2.7,4.2,4.8,4.1,6.9,4.4,2.7,5.5,1.7,2.8,2.3,4.1,3.5,3.5,5.1,4.3,2.4,4.1,3.4,4.5,3.1,1.9,3.7,0.5,4.8,4.7,-2.2,2.8,1.1,7.9,3.7,1,6.2,6.3,4.4,1.8,6.2,3.7,3.7,5.6,-0.8,3.5,0,2.9,4.1,3.8,3.9,4.1,1.8,3.3,5.1
10/1/2015,9.42717,3.12811,2.190483871,185.5666667,0.16,1.1,-0.4,0,4.1,0.7,2.7,0.8,1.5,2.2,0.4,1.7,1.9,3.6,0.1,0.5,3.2,0.7,-1.4,2.7,1.9,4.5,2.5,3.6,3.7,2.5,0.4,1.1,-2.8,-2.5,4.4,7.4,-0.3,1.8,-2.2,1.3,-0.4,2.2,-4.2,1.5,1.7,2.7,2.7,4.2,2,-2.1,3.8,1.9,0.2,1.4,-1.5,1.9,-6.6,3.3,-0.2,2,0.8,1.4,-1.2,0.6,2.5
1/1/2016,9.43536,3.57246,1.914262295,182,0.36,1.5,1.7,-9.3,2.8,0.8,4.3,-1.7,2.7,-1.9,9.5,-0.5,5.5,3.7,4.4,-1.2,0.7,-3.4,-2.9,-3.1,-8.1,-0.3,4.1,0.7,1.8,-0.8,2.6,4.7,0.6,-6.8,-0.3,0.4,5.1,0.4,7.3,3.7,-8.5,-0.9,-14.5,8.3,1.4,-2.9,1.4,-7.6,3.9,-4,6.8,2.6,-0.1,8.6,-2.1,0.1,-8.1,1,5,-0.1,-1.2,0.9,-3.9,0.7,4.7
4/1/2016,9.44843,3.59432,1.75015625,185.3666667,0.373333333,2.4,1.9,-0.2,6,3.6,3.1,3.2,1.2,4.4,4,3.9,1.1,2.9,5.6,0.8,4.4,1.3,3,2.7,2.4,5,4.1,4.5,2.9,2.8,0.6,1.9,1.9,0.4,4.5,4.7,0.7,4.1,1.4,1.7,0.9,2,-1.7,2.5,1.9,2.7,3.7,2.4,1.8,0.1,4.4,0.8,1.9,5,0.3,1.9,-5.4,3.4,1.8,2.1,2.1,2.4,1,3.2,3.3
7/1/2016,9.45895,3.60504,1.564375,187.0666667,0.396666667,3.7,1.3,0.4,5.4,1.9,4.4,5.9,0.2,3.5,2.3,5.4,3.7,2.5,4.6,1.3,3.9,3.6,3.1,5.1,1.8,1.3,3.3,5.7,2.3,6.3,0.9,3,3.9,1.4,12.6,3.8,3.2,0.8,2.3,3.7,4.1,2,0.2,2.5,4.6,2.5,4.7,5.7,4.5,4.2,6,2.6,3.2,5.4,-0.2,4.5,-1.2,3.5,3.1,2.4,4,3.8,3.8,5.2,4.6
10/1/2016,9.4696,4.33503,2.138688525,187.0666667,0.45,4.1,2.6,1.6,3.5,4.2,4.7,6.2,1.4,3.7,4.7,4.9,5.1,3,1.6,4.1,3.7,-0.5,1.7,2,6.4,4,3.8,1.6,4.4,2.7,3.1,4.3,6.5,2.1,-3.2,-0.1,2.8,0.5,5.6,5.1,-1.2,4.5,1.2,5.5,2.2,0.8,6.1,-0.1,3.9,5.3,7.2,-0.6,4.7,8.7,2.2,1.3,1.2,1.4,4,3.9,2.2,4.6,4.4,5.6,4.8
1/1/2017,9.48071,4.63847,2.446612903,191.2666667,0.7,6.8,6,0,9.8,7.2,5.2,10.6,6.1,8,2.7,10.1,9.7,7.9,9,2.1,4.5,7.4,4.8,5.6,0.4,6.1,1,6.4,4.5,7.7,3.9,4.3,6.4,2.6,12.6,6.5,4.5,2.5,14.3,7.2,-1.1,5.7,8.9,7.9,1.8,3.7,8.1,7,5.2,10.5,5.6,5.8,4.3,7.2,10.7,6.4,3.3,6.2,7.4,4.3,5.5,7.2,9.8,8.5,5.9
4/1/2017,9.48892,4.13164,2.260952381,193.1333333,0.95,3.5,2.2,0.8,3.6,1.8,3.8,6.4,4.4,0.8,1.3,5.8,2.9,0.7,6.4,2.7,2.5,0.5,1,2.5,0.9,1.9,2.3,4.3,1.2,0.3,-0.8,2.6,4.4,4.6,4.6,2.4,4,0.5,3.5,3.1,3.2,2,6.6,5.8,2.5,5,3.7,1.5,1.9,6.2,3.9,0.5,2.5,4.9,0.1,2.9,5.4,3.9,3.1,2.2,1.6,3.2,5.5,5.6,4
7/1/2017,9.4989,4.07647,2.241428571,194.0333333,1.153333333,4.3,2.7,3.6,7.1,0.6,4,6.9,2.2,6.8,5.3,5,3.8,3.6,4.2,4.1,3.1,-0.8,1.6,3.4,3.7,5.6,3.3,5.5,2.4,0.9,3,2.6,2.1,0.8,6.8,8,4.2,3.1,4.9,3.6,-3.9,3.8,4,2.8,5.1,6.6,3.3,0.3,2.4,6.6,7,3.5,4.2,5.9,4.5,5.6,2.6,4.8,4.7,3.7,1,3.8,6.3,6,4.3
10/1/2017,9.51681,4.83419,2.371451613,195.7,1.203333333,7.3,6.4,3.8,5.8,6.3,9.1,8.4,6.9,4.7,5,8.2,8.4,4.5,8.5,5.5,6.2,6.1,5.9,5.7,6.1,5.8,6.5,6.2,6.7,8.1,4.4,5.7,5.5,5.8,4,2.6,5.6,4.4,12.2,6.6,3.9,5.6,5,8.7,5.8,4.2,6.1,4.1,6.9,7,8.4,4.4,6,9.3,4.5,3.9,7.2,5.9,8.5,5.7,6.4,7,6.6,8.1,8.7
1/1/2018,9.52722,4.76098,2.75852459,198.8333333,1.446666667,7.6,6.6,6.8,9,6.5,6.7,8.7,10,9.5,7.6,8.3,5.7,5.7,8.6,8,7.7,12.3,10.2,4,6.1,7.4,7.4,8.7,8.7,7.3,5.6,6.1,10.7,13.4,13.4,11.4,8.8,9,1.2,7.3,12.9,6.5,12.3,8,9.2,7.9,7.1,15.2,7.3,9.1,11.6,6.7,7.4,11.3,5.7,9,11.9,9.1,5.4,7.8,9.1,7,9.4,9.7,7.6
4/1/2018,9.54251,5.50489,2.920625,202.5666667,1.736666667,4.3,3.3,2.4,3.2,3.8,6.4,5.7,3.5,3.3,2.1,3.5,4.3,3.2,4.5,3.5,2,5.1,4,4.2,6.5,4.7,4,3.6,2.3,6.2,4.4,6.2,4.6,1.6,3.2,2,3.5,4.6,3.8,5.4,6.5,3.2,3.1,4.6,4.1,2.9,3.6,2.7,4.3,4.4,3.9,4.8,3.4,4.6,5.7,2.3,4.6,3.5,3.8,2.9,5.2,4.2,4.1,5,5.8
7/1/2018,9.55496,5.76593,2.923809524,203.7666667,1.923333333,4.6,3.5,6.3,6.4,3.3,3.9,6.4,6.4,4.4,6.4,5.9,6.7,3.5,3.8,3.8,3.9,3,3.2,2,2.2,4.3,4,4.1,4.3,4.7,1.8,1.4,3,1.4,6.6,4.9,4.7,6.6,3,3.6,4.1,5.1,4.1,6,6,-0.2,5,3.5,6.6,5,5.2,3.6,5.2,6.9,8.5,4.3,6,4.5,4.2,4.3,3,5,5.2,5.5,4.5
10/1/2018,9.56183,4.6049,3.041147541,202.6333333,2.22,3.6,4.4,2.4,4.1,6,4.9,4.6,1.4,1.6,1.6,3.5,2.5,3.4,7.3,2.7,4.5,10.5,5.3,3.3,5.4,1.7,2.3,3.3,2.6,5,4.9,4.6,6.3,9.1,6.8,1,1.6,3.7,-0.8,5.6,10.9,3.2,4.7,4.6,3.5,6.7,4.9,15,2.2,3.7,4.6,3.3,3.5,3.2,2.3,4.4,4.6,2.7,1.1,3.2,6.7,3.8,3.9,5,4.7
1/1/2019,9.56565,3.91842,2.65295082,199.7,2.403333333,6.2,5.7,4.4,8.4,1.6,6.1,9.4,6.4,6.8,4.6,6.7,6.2,5.1,6.1,3.9,4.1,3,3,5.2,5.1,8.8,5.4,9.5,4.5,2.7,4.8,5.1,1,-1.5,4.6,12.7,6.4,7.8,7.7,5.4,-1.9,4.9,7.9,6.2,6.3,5.7,7.7,-5.9,7.6,8.1,8.9,8.9,5.2,8,1.5,4.9,8.1,8.6,6.8,4.4,2.5,5.9,8.1,8.1,6.3
4/1/2019,9.58267,4.09857,2.338888889,201.3666667,2.396666667,4.4,3.5,3.8,5.8,6.1,6.6,5.1,1.7,3.9,3.3,4.9,4.9,1.6,7.3,1.1,3.2,1.5,3,2.8,1.2,3.9,4.1,3.1,4.5,4,1.4,3.1,3.3,2.6,4.7,1.1,3.4,5.6,5.6,5,0.8,2.4,0.5,4.4,4.8,3.6,3.2,0.6,4.5,4.6,5.4,1.3,4.1,6.7,2,5.6,2.8,2.6,4.7,2.9,2.9,4.2,4.5,5.2,6.3
7/1/2019,9.59412,3.99352,1.79796875,199.4333333,2.19,2.8,3.9,2.8,5.7,3.1,0.1,5.9,-0.2,2.6,3.2,2.5,3.5,2.3,6.1,4.4,4.5,9.5,6.2,3.6,1.9,3.1,1.7,-0.1,3.2,6.2,5.3,4.8,7.8,8.6,3.6,0.7,2.3,6.2,0.5,3.1,11.1,3.3,2.8,2.7,1.5,-3.1,4.2,13.1,3.1,4.9,5.7,2.4,3.5,3.8,0.9,0.6,4.6,0,1.3,3.4,7,3.1,4.9,5.9,1
10/1/2019,9.60204,4.1029,1.791935484,198.9333333,1.643333333,3,2.9,2,3.3,2.7,3,1.4,1.8,3.9,2.9,3.1,3.2,3.5,2.6,3.3,2.4,2.7,2.9,4.1,2.4,3.1,3.4,3.1,4.7,2.8,2.4,3.1,3.1,2.9,4.1,2.9,1.8,3.3,2.1,3.1,1.1,3.1,1.7,3.4,2.9,3.6,3.2,2.2,4,3.8,4.3,2.7,3.3,4,1.9,2.8,1.5,2.8,2.4,3.4,2.8,3.2,3.5,2.4,3.2
,,,,,,,,,,,,,,,,,,,,,,,,,,,,,,,,,,,,,,,,,,,,,,,,,,,,,,,,,,,,,,,,,
